supplier,excluded_contracts,excluded_positive_contracts,excluded_value_cop,sample_contract_object,manual_review_status,manual_review_notes
EMPRESA COLOMBIANA DE PRODUCTOS VETERINARIOS  SA _ VECOL SA,1,1,956764192641,"AUNAR ESFUERZOS TeCNICOS ADMINISTRATIVOS FINANCIEROS Y JURiDICOS ENTRE EL MINISTERIO
DE SALUD Y PROTECCIoN SOCIAL EL INSTITUTO NACIONAL DE SALUD Y VECOL S.A. PARA DESARROLLAR RECUPERAR Y CONSOLIDAR LAS
CAPACIDADES TeCNICAS CIENTiFICAS INSTITUCIONALES E INDUSTRIALES EN INVESTIGACIoN DESARROLLO Y PRODUCCIoN NACIONAL DE
INMUNOBIOLoGICOS EN COLOMBIA.",,
VETERINARIA AGROESPERANZA LTDA,39,39,66807721593,ADQUISICION DE INSUMOS MEDICAMENTOS VETERINARIOS Y ACCESORIOS PARA CANINOS CACOM-4,,
VECOL S.A.,16,16,45716649357,ADELANTAR LA COMPRA DE VACUNAS CONTRA LA ENCEFALITIS EQUINA VENEZOLANA,,
CONCENTRADOS EL RANCHO LTDA DROGUERIA VETERINARIA,139,139,19430151333,"79-7992-SUMINISTRAR LOS AGROINSUMOS REQUERIDOS PARA EL 
DESARROLLO DE LAS DIFERENTES ACTIVIDADES ADELANTAS POR EL JARDÍN 
BOTÁNICO JOSÉ CELESTINO MUTIS",,
CORPORACION PARA LA INVESTIGACION Y EL DESARROLLO EDUCATIVO AGROPECUARIO BIOLOGICO Y MINERO OZONO,3,3,5090340244,FORMULACIÓN DE LOS DOCUMENTOS TÉCNICOS SOPORTES REQUERIDOS PARA LOS TRÁMITES LEGALES Y AMBIENTALES ANTE LA AUTORIDAD MINERA Y AMBIENTAL NECESARIOS PARA EL APROVECHAMIENTO DE ASFALTO NATURAL EN EL MARCO DE LA AUTORIZACION TEMPORAL No 505530 OTORGADA AL MUNICIPIO DE FLORENCIA CAQUETA,,
EXPRESS PETS LA VACA LTDA,35,35,4504655064,ADQUISICION  DE INSUMOS AGROPECUARIOS MEDICAMENTOS VETERINARIOS INSTRUMENTAL QUIRURGICO  Y DEMAS ELEMENTOS E INSUMOS PARA EL FORTALECIMIENTO Y ASISTENCIA TECNICA AL ALBERGUE  MUNICIPAL DE FAUNA PROYECTOS AGROPECUARIOS BIENESTAR ANIMAL Y DEMAS PROGRAMAS DEL SECTOR RURAL DEL MUNICIPIO DE GUASCA,,
LABORATORIO MEDICO VETERINARIO LMV SAS,7,7,2512972000,COMPRA DE REACTIVOS PARA EL LABORATORIO DE INMUNODIAGNOSTICO,,
FUNDACIÓN PROTECTORA DE ANIMALES Y MEDIO AMBIENTE SAN FRANCISCO DE ASIS,3,3,2240684400,REALIZAR LA VACUNACION  ANTIRRÁBICA EN CANINOS Y FELINOS PARA EL AÑO 2021  EN EL ÁREA RURAL Y URBANA DE LOS MUNICIPIOS  CATEGORÍA 5 Y 6  DEL DEPARTAMENTO DE CASANARE.,,
SOCIEDAD FIDUCIARIA DE DESARROLLO AGROPECUARIO S.A,1,1,2127283095,NOTA ACLARATORIA: EL CONVENIO INTERADMINISTRATIVO ENTRE EL ICA Y LA SOCIEDAD FIDUCIARIA DE DESARROLLO AGROPECUARIO S.A- FIDUAGRARIA S.A. FUE PUBLICADO EL 10 DE DICIEMBRE DE 2018 SIN EMBARGO EL DOCUMENTO SE ADJUNTO EN ESTADO CONVOCADO Y SEGUN INSTRUCTIVO SECOP MODULO DE ACTUALIZACIONES SE DEBIO REALIZAR EL CAMBIO DE CONVOCADO A CELEBRADO. POR LO ANTERIOR SE ADJUNTA NUEVAMENTE EL CONVENIO PARA REALIZAR CAMBIO A ESTADO CELEBRADO. OBJETO DE CONVENIO: AUNAR ESFUERZOS PARA CONTROLAR Y ERRADICAR LOS FOCOS DE FIEBRE AFTOSA QUE SE HAN PRESENTADO DURANTE EL 2018 Y LOS QUE SE PUEDEN PRESENTAR ASI COMO ADELANTAR LAS ACTIVIDADES NECESARIAS TENDIENTES A LA RECUPERACION DEL STATUS SANITARIO DE COLOMBIA COMO LIBRE DE FIEBRE AFTOSA SIN VACUNACION.,,
FUNDACION DEJANDO HUELLA REFUGIO ANIMAL,5,5,1458259494,CONTRATAR JORNADAS DE VACUNACIÓN Y ESTERILIZACIÓN DE PERROS Y GATOS EN EL MUNICIPIO DE DUITAMA TENIENDO EN CUENTA LA INSPECCIÓN VIGILANCIA Y CONTROL DE LOS FACTORES DE RIESGO RELACIONADAS CON CONDICIONES AMBIENTALES,,
FUNDACION CUIDADO ANIMAL,1,1,1121920930,AUNAR ESFUERZOS PARA FORTALECER LA EJECUCIÓN DE LAS ACCIONES DE PROMOCIÓN DE LA SALUD Y GESTIÓN DEL RIESGO QUE INTEGRAN EL PLAN DE SALUD PÚBLICA DE INTERVENCIONES COLECTIVAS (PIC) DIMENSIÓN VACUNACION CANINA Y FELINA DEL PLAN TERRITORIAL DE SALUD Y FORTALECIMIENTO DEL PROGRAMA PARA PROTECCIÓN Y BIENESTAR ANIMAL DEL DISTRITO DE SANTA MARTA EN EL MARCO DEL PLAN DE DESARROLLO SANTA MARTA CORAZON DEL CAMBIO 2020 - 2023,,
VETERINARIA MYM SAS,6,6,884947484,CONTRATAR EL SUMINISTRO DE ALIMENTO CONCENTRADO MATERIAL VETERINARIO MEDICAMENTOS Y PRESTACIÓN DE SERVICIO MÉDICO VETERINARIO PARA EL SOSTENIMIENTO DE LA UNIDAD CANINA DE LA FISCALÍA GENERAL DE LA NACIÓN SECCIONAL NORTE DE SANTANDER.,,
EMPRESA COLOMBIANA DE PRODUCTOS VETERINARIOS,1,1,849720000,OMPRA DE VACUNAS CONTRA LA ENCEFALITIS,,
ALMACEN AGROPECUARIO DE ANTIOQUIA SAS,11,11,706315604,5_9101_732 CONTRATAR EL SUMINISTRO DE MEDICAMENTOS E INSUMOS VETERINARIOS PARA LAS ESPECIES MAYORES Y MENORES DEL CENTRO DE LOS RECURSOS NATURALES RENOVABLES LA SALADA,,
Agroveterinaria los valencia SAS,2,2,677195626,SUMINISTRO DEL ALIMENTO CONCENTRADO Y MEDICAMENTO VETERINARIO PARA LOS ANIMALES DEL CENTRO DE PROTECCIÓN Y BIENESTAR ANIMAL AL IGUAL QUE LOS IMPLEMENTOS DE ASEO DE MANTENIMIENTO Y ASEPSIA DE LAS INSTALACIONES,,
UNIDAD MEDICA Y PET STORE ANIMAL BULL,2,2,626000000,PRESTAR LOS SERVICIOS A MONTO AGOTABLE PARA REALIZAR LAS ACTIVIDADES NECESARIAS EN URGENCIAS ESTERILIZACIONES Y SUMINISTRO DE INSUMOS MEDICAMENTOS E IMPLEMENTOS PARA LAS BRIGADAS MEDICO VETERINARIAS EN LA LOCALIDAD DE BARRIOS UNIDOS EN EL MARCO DEL PROYECTO 2008 DE NIRVANA,,
CONSORCIO SALUD ANIMAL,1,1,625145188,FORTALECER LA GESTION DE LA SECRETARIA DE SALUD Y SEGURIDAD SOCIAL EN ACTIVIDADES DE PROMOCION Y PREVENCION DE EVENTOS ZOONOTICOS EN EL MUNICIPIO DE MONTERÍA INCLUYENDO LA DISMINUCION DEL RIESGO DE ENFERMAR Y MORIR POR EL VIRUS DE LA RABIA MEDIANTE JORNADAS DE VACUNACION CANINA Y FELINA,,
VETERINARIA EL REBAÑO,1,1,539072217,PRESTACIÓN DE SERVICIOS COMO APOYO A LA GESTION PARA EL DESARROLLO DE LAS ACTIVIDADES RELACIONADAS CON LA JORNADA DE VACUNACION ANTIRRABICA CANINA Y FELINA EN EL MUNICIPIO DE SAN JOSE DE CUCUTA - VIGENCIA 2022,,
CLINICA VETERINARIA JUPITER SAS,8,8,474597725,CONTRATAR EL SUMINISTRO DE MEDICAMENTOS VETERINARIOS PARA LOS SEMOVIENTES CANINOS ASIGNADOS AL GRUPO DE SEGURIDAD (GSECO) DEL COMANDO GENERAL DE LAS FUERZAS MILITARES (COGFM) DE ACUERDO CON LAS ESPECIFICACIONES DE LA FICHA TÉCNICA DEL ANEXO,,
CENTRO AGROPECUARIO CAMPEON,1,1,452501426,ADQUISICION DE MEDICAMENTOS VETERINARIOS PARA SEMOVIENTES EQUINOS Y CANINOS DEL GRUPO REMONTA Y VETERINARIA DICAR Y ESCUELA DE EQUITACION POLICIAL ¿LUIS AUGUSTO TELLO SANCHEZ¿,,
CONCENTRADOS EL RANCHO LTDA. DROGUERIA VETERINARIA,1,1,372741828,ADQUISICION DE MEDICAMENTOS VETERINARIOS Y ELEMENTOS PARA LOS SEMOVIENTES CANINOS DE LA UNIDAD DE GUIAS CANINOS DIRECCION DE ANTINARCOTICOS - POLICIA NACIONAL,,
COMISIONISTAS AGROPECUARIOS S.A.,2,2,334790765,Adquirir los elementos de protección personal (EPP) requeridos para el desarrollo de las funciones de los servidores públicos del Instituto Nacional De Vigilancia De Medicamentos Y Alimentos- INVIMA,,
CONSORCIO BIENESTAR ANIMAL,1,1,299713580,PRESTACION DE SERVICIOS PARA LA REALIZACION DE JORNADAS EXTERNAS DE ATENCION ESTERILIZACION Y VACUNACION DEL CBA EL GUARDIAN EN EL MARCO DEL PROYECTO DENOMINADO IMPLEMENTACIÓN DEL CENTRO DE BIENESTAR ANIMAL EL GUARDIAN COMO ESTRATEGIA DE ATENCION INTEGRAL A ANIMALES EN ESTADO DE VULNERABILIDAD EN MUNICIPIOS PRIORIZADOS DEL DEPARTAMENTO DE BOLIVAR,,
CONSORCIO INVERCOM ACS VETERINARIO,1,1,244786600,SUMINISTRO DE ELEMENTOS Y MEDICAMENTOS VETERINARIOS NECESARIOS PARA EJECUTAR SEGUNDA FASE DE ESTERILIZACION CANINA Y FELINA EN EL MUNICIPIO DE CAJAMARCA TOLIMA,,
CORPORACION PARA LA INVESTIGACION Y EL DESARROLLO EDUCATIVO AGROPECUARIO BIOLOGICO Y MINERO OZONO -,1,1,208181952,REALIZAR LA INTERVENTORIA TECNICA Y EL SEGUIMIENTO ADMINISTRATIVO FINANCIERO CONTABLE Y JURIDICO AL CONVENIO ESPECIAL DE COOPERACION NO. 009 - 2020; SUSCRITO PARA LA EJECUCION DEL PROYECTO DE CIENCIA TECNOLOGIA E INNOVACION DENOMINADO IMPLEMENTACION DEL PROYECTO COLOMBIA BIO-TURISMO CIENTIFICO DE NATURALEZA EN EL DEPARTAMENTO DEL HUILA,,
FUTURO AGROPECUARIO Y AMBIENTAL DE COLOMBIA EN NUESTRAS MANOS FUTURAGROPEC,2,2,183341558,"SUMINISTRO DE MEDICAMENTOS PARA LA VITAMINIZACION CON DESPARASITACION INTERNA Y 
EXTERNA DE BOVINOS Y VACUNACION ANTIRRABICA PARA CANINOS Y FELINOS A TODO COSTO EN EL 
MUNICIPIO DE VILLAPINZON  CUNDINAMARCA.",,
CLÍNICA VETERINARIA FUNZA SAS,4,4,180000000,PRESTAR LOS SERVICIOS DE URGENCIAS MÉDICAS VETERINARIAS Y MEDICAMENTOS DESTINADOS A LA ATENCIÓN Y TRATAMIENTO (PREVENTIVO CURATIVO Y DE URGENCIA) DE CARÁCTER INMEDIATO REALIZACIÓN DE ANÁLISIS EXAMENES CIRUGÍAS MENORES MAYORES Y GENERAL HOSPITALIZACIÓN O AISLAMIENTO PARA LA ATENCIÓN MEDICA VETERINARIA PARA ANIMALES ACCIDENTADOS Y ABANDONADOS CON INSTALACIONES ADECUADAS EN EL MUNICIPIO DE MOSQUERA MEDIANTE EL SISTEMA DE MONTO AGOTABLE POR PRECIO UNITARIO.,,
RED AGROVETERINARIA S.A.,41,41,152980739,COMPRA DE MEDICAMENTOS NECESARIAS PARA EL DESARROLLO DE LAS ACTIVIDADES DE LA HACIENDA LA MONTANA Y VEGAS DE LA CLARA,,
FUNDACION PADRINAZGO PROTECCION Y PROMOCION PARA LA AYUDA TEMPORAL Y AMBULATORIA DE LOS ANIMALES COM,1,1,150000000,PRESTAR SERVICIO DE ASISTENCIA MEDICO VETERINARIA MEDIANTE JORNADAS DE ESTERILIZACION SUMINISTRO DE ALIMENTOS ELEMENTOS ENSERES MATERIALES PARA USO DIAGNOSTICO Y MEDICAMENTOS TANTO PREVENTIVOS COMO DE TRATAMIENTO QUE GARANTICEN UNA ATENCION INTEGRAL DE LOS ANIMALES DOMESTICOS DE COMPANIA (CANINOS Y FELINOS) DEL MUNICIPIO DE SAN VICENTE DEL CAGUAN - CAQUETA,,
DISTRIBUIDORA AGROPECUARIA NUESTRO CAMPO LTDA.,1,1,149902928,ES LA ADQUISICION DE ALIMENTOS Y MEDICAMENTOS VETERINARIOS PARA EL SOSTENIMIENTO  DE  SEMOVIENTES  EQUINOS  Y  CANINOS  ADSCRITOS  AL  GRUPO  DE CARABINEROS Y UNIDAD CANINA DE LA POLICIAMETROPOLITANA DE SANTA MARTA,,
CENTRAL PECUARIA SA,4,4,145078098,COMPRA DE MEDICAMENTOS DE USO VETERINARIO NECESARIOS PARA LLEVAR A CABO LA LABOR ASISTENCIAL DEL HOSPITAL VETERINARIO UNIVERSIDAD DEL TOLIMA.(065),,
ALMACEN TODOCAMPO AGROPECUARIO SAS,1,1,140500000,SUMINISTRAR MEDICAMENTOS INSUMOS MÉDICOS Y AGROPECUARIOS ANIMALES VIVOS CONCENTRADOS SEMILLAS Y ELEMENTOS PARA ENRIQUECIMIENTO DE LA FAUNA SILVESTRE QUE SE MANEJA EN TORRE IV EN EL CRFSOC Y EL CAVR MONTELINDO EN LAS CANTIDADES CALIDADES Y ESPECIFICACIONES REQUERIDAS POR LA CORPORACIÓN Y ATENDER URGENCIAS Y PRACTICAR PRUEBAS DIAGNÓSTICAS A LOS ANIMALES DECOMISADOS POR EL SISTEMA DE MONTO AGOTABLE,,
agroveterinaria procampo,3,3,126529063,COMPRA DE MEDICAMENTOS VETERINARIOS E INSUMOS PARA LA ATENCION DE ANIMALES EN SITUACION VULNERABLE EN EL MUNICIPIO DE CAREPA-ANTIOQUIA,,
ZOOLAB S.A.S.,2,2,111173731,PRESTACIÓN DE SERVICIOS DE PRUEBAS DIAGNÓSTICAS VACUNAS ANÁLISIS QUÍMICOS DE ESPECIES ANIMALES Y ANÁLISIS BROMATOLÓGICO- ESPECIALIZADOS PARA EL CENTRO DE BIOTECNOLOGÍA AGROPECUARIA SENA- MOSQUERA,,
PROVEEDORA PECUARIA DE COLOMBIA SAS,5,5,104749020,ADQUISICION DE MEDICAMENTOS E INSUMOS PARA LOS PROGRAMAS DE SANIDAD ANIMAL MEJORAMIENTO GENETICO Y  PROGRAMAS AGRICOLAS DE LA SECRETARIA DE DESARROLLO ECONOMICO AMBIENTAL Y DE TURISMO DEL MUNICIPIO DE BITUIMA - CUNDINAMARCA,,
HENRY ALEXANDER RUBIANO Y/O ALMACÉN AGROPECUARIO DE LA SABANA,6,6,98828977,ADQUIRIR A TÍTULO DE COMPRA MEDICAMENTOS E INSUMOS MÉDICOS DE USO VETERINARIO REQUERIDOS PARA LOS SERVICIOS OFERTADOS POR LA UNIDAD DE BIENESTAR Y FELICIDAD ANIMAL. EN EL DESARROLLO DEL PROYECTO DENOMINADO CONSOLIDACION DE LA AUTORIDAD SANITARIA COMO CUADRANTE DE OPORTUNIDADES EN EL MUNICIPIO DE JAMUNDI,,
RED GAROVETERINARIA S. A,1,1,95800000,CONTRATO DE SUMINISTRO PARA LA PROVISION DE MEDICAMENTOS INSUMOS MEDICOS Y PRODUCTOS VETERINARIOS PARA LA REALIZACION DE TRATAMIENTO DE LOS ANIMALES A CARGO DEL PARQUE TEMATICO DE FLORA Y FAUNA DE PEREIRA S.A.S BIOPARQUE UKUMARI.,,
AGROVETERINARIA LA LLANURA SAS,1,1,89035000,COMPRAVENTA DE ELEMENTOS DE ASEO MEDICAMENTOS VETERINARIOS ALIMENTOS CONCENTRADOS Y SUPLEMENTOS ALIMENTICIOS; PARA LA ATENCIÓN DE ANIMALES DOMÉSTICOS EN EL MUNICIPIO DE FLORENCIA CAQUETÁ,,
Fundación para la Defensa de los Animales PAZANIMAL,1,1,85500000,"Contratar los servicios de acogida temporal de animales de compañía (caninos y felinos
) como tambien equinos resultantes de acciones de control de los entes municipales
que intervienen el riesgo biológico asociado a la zoonosis o los que requiera el centro
zoonosis que incluya movilizacion de los animales hasta el sitio de acogida dentro del
proyecto denominado Control del Riesgo Biológico Asociado a la Zoonosis en el
Municipio de Cali ficha BP-01046536.",,
CLINICA VETERINARIA DOGTOR PETS SAS,4,4,74023000,ADQUIRIR LOS SERVICIOS MÉDICOS VETERINARIOS ESPECIALIZADOS RECARGA DE OXIGENO MEDICINAL Y DISPOSICIÓN DE RESIDUOS BIOLÓGICOS Y DE CADAVERES PARA LOS CANINOS DE LA FUERZA AEROESPACIAL COLOMBIANA,,
ZOOMED AF GROUP SAS,2,2,73444117,COMPRAVENTA DE MEDICAMENTOS ALIMENTOS E INSUMOS PARA GARANTIZAR LA ATENCION Y OPERATIVIDAD DEL CENTRO DE BIENESTAR ANIMAL DEL MUNICIPIO DE VILLANUEVA CASANARE,,
PERROS Y GATOS CLINICA VETERINARIA,2,2,68700000,Servicio de asistencia integral para la Unidad de Soporte Canino de la DPA conformada por siete (7) caninos consistente en proporcionar atención médica veterinaria periódica y de urgencias exámenes de laboratorio suministrar medicamentos vacunas vitaminas alimentación canina accesorios y otros elementos necesarios para su sostenimiento y bienestar así como la inspección técnica a instalaciones de las Seccionales Risaralda y Chocó.,,
CONSULTORIO VETERINARIO PATOTAS,1,1,67008000,El CONTRATISTA se compromete para con el MUNICIPIO a realizar la jornada de vacunación masiva antirrábica de caninos y felinos en el área urbana y rural del Municipio de Pasto encargándose de disponer de la logística y el personal necesario para llevar a efecto dicha jornada de conformidad con las especificaciones técnicas exigidas.,,
ASOCIACION PROTECTORA DE ANIMALES DE PUEBLO RICO RISARALDA VIDAS FELICES,3,3,60000000,PRESTACION DE SERVICIOS DE APOYO A LA GESTION PARA LA ATENCION INTEGRAL DE LOS ANIMALES LLEVADOS AL HOGAR DE PASO ANIMAL DE PUEBLO RICO RISARALDA SEGUN LEY 746 DE 2002 INCLUYENDO EL SUMINISTRO DE ALIMENTACION  Y MEDICAMENTOS REQUERIDOS PARA SU ATENCION,,
CONCENTRADOS EL RANCHO LTDA DROGUERIA Y VETERINARIA,4,4,59860297,COMPRAVENTA DE ELEMENTOS COMO APOYO A LA JUNTA DEFENSORA DE ANIMALES DEL MUNICIPIO DE LA VEGA CUNDINAMARCA CONFORME A LOS LINEAMIENTOS ESTABLECIDOS EN EL PLAN DE DESARROLLO MUNICIPAL 2020-2023,,
RED AGROVETERINARIA S.A,2,2,58807675,COMPRA DE MEDICAMENTOS VETERINARIOS PARA EL PROGRAMA DE ESTERILIZACION DEL AREA METROPOLITANA DEL VALLE DE ABURRA,,
Proveedora Pecuaria de Colombia SAS,2,2,57931353,COMPRA DE INSUMOS MEDICAMENTOS E INSTRUMENTOS PARA LA PREVENCIÓN CONTROL Y ASISTENCIA VETERINARIA EN LA SECRETARIA DE DESARROLLO RURAL Y MEDIO AMBIENTE DEL MUNICIPIO DE MANTA CUNDINAMARCACOMPRA DE INSUMOS MEDICAMENTOS E INSTRUMENTOS PARA LA PREVENCIÓN CONTROL Y ASISTENCIA VETERINARIA EN LA SECRETARIA DE DESARROLLO RURAL Y MEDIO AMBIENTE DEL MUNICIPIO DE MANTA CUNDINAMARCA,,
TECNOLOGIAS AGROPECUARIAS DE COLOMBIA S.A.S,3,3,56477000,SUMINISTRO DE INSUMOS PARA JORNADA DE VACUNACION CONTRA EL CARBON SINTOMATICO SEPTICEMIA Y EDEMA MALIGNO EN EL MUNICIPIO DE EL COCUY -BOYACA,,
AGROPECUARIA TECNICA ESPECIALIZADA S.A.S. - AGROTECS,1,1,54611000,ADQUISICION DE INSUMOS QUIMICOS REACTIVOS Y ELEMENTOS PARA LA POTABILIZACION DEL AGUA DE LA PLANTA DE TRATAMIENTO DEL ACUEDUCTO URBANO DEL MUNICIPIO DE SUSA CUNDINAMARCA,,
VETERINARIA AGROAMIGOS LTDA,1,1,53831154,SUMINISTRO DE  INSUMOS AGRICOLAS Y PECUARIOS PARA LOS CONVENIOS SILVOPASTOREO Y HORTICOLA PARA LA SECRETARIA DE AGRICULTURA GANADERIA Y CONTROL DEL MEDIO AMBIENTE DEL MUNICIPIO DE PAIPA,,
CONCENTRADO EL RANCHO LTDA DROGUERIA VETERINARIA,1,1,51720338,SUMINISTRO DE MEDICAMENTOS E INSUMOS HOSPITALARIOS Y DEMAS ARTICULOS DE APOYO PARA LA ATENCION DE LA FAUNA SILVESTRE RECUPERADA APREHENDIDA Y DECOMISADA POR LA CORPORACION EN EL CAV DE FAUNA SILVESTRE DEL MUNICIPIO DE TOCAIMA,,
AGROPECUARIA TECNICA ESPECIALIZADA S.A.S.,1,1,51132267,SUMINISTRO Y ENTREGA  DE ELEMENTOS PARA CONMEMORACION DEL DIA DEL CAMPESINO NUEVOCOLONENSE COMO INCENTIVO  A LAS UNIDADES  FAMILIARES DEL MUNICIPIO DE NUEVO COLON - BOYACA.,,
CENTRO MEDICO VETERINARIO IRACA,1,1,50934000,"PRESTACIÓN DE SERVICIOS ORGANIZANDO EJECUTANDO Y 
GESTIONANDO LA JORNADA MASIVA EXTRAMURAL DE VACUNACIÓN 
ANTIRRÁBICA DE CANINOS Y FELINOS EN EL ÁREA RURAL Y URBANA DEL 
MUNICIPIO DE SOGAMOSO DENTRO DEL MARCO DEL PROYECTO 
SANIDAD E INOCUIDAD TAREA DE TODOS.",,
ZOOVET JB SAS,1,1,50000000,"PRESTACIÓN DE SERVICIOS MÉDICOS VETERINARIOS DE HOSPITALIZACIÓN CON SUMINISTRO DE MEDICAMENTOS E INSUMOS VETERINARIOS PARA LOS CANINOS DE LA U.A.E. CUERPO OFICIAL DE BOMBEROS
DE BOGOTÁ - SBLG",,
ESTABLECIMIENTO DE COMERCIO ALMACEN VETERINARIO EL ESTABLO,2,2,49000000,CONTRATAR LA PRESTACION DE SERVICIOS PARA LA ATENCION Y CUIDADO DE LOS CANINOS FELINOS Y SEMOVIENTES INCLUIDOS EL SUMINISTRO DE MEDICAMENTOS Y ALIMENTOS PARA LOS ANIMALES REMITIDOS POR EL COSO MUNICIPAL CASA AMIGA DE LOS ANIMALES EN EL MUNICIPIO DE EL ESPINAL  TOLIMA.,,
AGROPECUARIA EL CORRAL,1,1,45000000,CONTRATAR EL SUMINISTRO DE INSUMOS MEDICAMENTOS VETERINARIOS HERRAMIENTAS Y KIT AGRICOLAS PARA LA BUENA PRESTACIÓN DEL SERVICIO DE LOS PROGRAMAS DE ASISTENCIA TÉCNICA AGROPECUARIA PISCÍCOLA FORESTAL Y MEDIO AMBIENTE EN EL MUNICIPIO DE HONDA,,
SERVICO DE DIAGNOSTICO VETERINARIO CM SAS,1,1,41406000,SUMINISTRO DE REACTIVOS DE LA MARCA CHECK & TRACE PARA LOS LABORATORIOS DE LA SUBGERENCIA DE ANÁLISIS Y DIAGNÓSTICO,,
CENTRO AGROPECUARIO EL PENOL,3,3,40470000,"PRESTAR LOS SERVICIOS PARA DESARROLLAR LAS ACCIONES
DE PREVENCION DE FACTORES EL RIESGO ASOCIADOS EN
SALUD AMBIENTAL ZOONOSIS A TRAVES DE LA
VACUNACION ANTIRRABICA DE CANINOS Y FELINOS E EL
MUNICIPIO DE PROVIDENCIA..",,
SERVICIOS E INVERSIONES AGROPECUARIAS EL TREBOL LTDA,1,1,39499227,ADQUISICION DE INSUMOS Y MEDICAMENTOS VETERINARIOS PARA ATENCION MEDICO- CLINICA Y REPRODUCTIVA PECUARIA ORIENTADA AL DESARROLLO Y SOSTENIMIENTO DE LOS PROYECTOS PRODUCTIVOS DE LA SECRETARIA PARA EL DESARROLLO ECONOMICO,,
AGRICOLA Y VETERINARIA EL PATO AGROVETERINARIA EL PATO SAS,1,1,38998967,COMPRA DE MEDICAMENTOS E INSUMOS VETERINARIOS PARA EL DESARROLLO DE PROGRAMAS DE ASISTENCIA TECNICA AGROPECUARIA EN EL MUNICIPIO DE ZIPAQUIRA.,,
DISTRIBUIDORA AGROPECUARIA NUESTRO CAMPO LIMITADA,1,1,38001850,CONTRATAR EL SUMINISTRO DE ALIMENTOS Y MEDICAMENTOS PARA EL SOSTENIMIENTO CONSERVACIÓN Y MEJORAMIENTO DE LA PRODUCTIVIDAD DE LOS SEMOVIENTES DEL CENTRO PARA EL DESARROLLO AGROECOLÓGICO Y AGROINDUSTRIAL REGIONAL ATLÁNTICO  CEDAGRO VIGENCIA 2020.,,
CORPORACION PARA EL DESARROLLO AMBIENTAL Y AGROPECUARIO COLOMBIANO,1,1,35580000,PRESTACION DE SERVICIOS PARA GARANTIZAR LA VACUNACIoN A TODO COSTO DE EJEMPLARES BOVINOS EN EL MUNICIPIO DE TIPACOQUE COMO APOYO A LOS PEQUEÑOS PRODUCTORES PECUARIOS DEL MUNICIPIO.,,
Distribuidora Zooluvet S.A.S,1,1,34580000,PRESTACION DE SERVICIOS DE SUMINISTRO DE ALIMENTOS Y MEDICAMENTOS TANTO PREVENTIVOS COMO DE TRATAMIENTO QUE GARANTICEN UNA ATENCION ADECUADA OPORTUNA Y DE BUENA CALIDAD EN LAS DIFERENTES ESPECIES DE ANIMALES EN EL ALBERGUE O COSO MUNICIPAL.,,
SOLUCIONES AGROPECUARIAS SOSTENIBLES S.A.S,1,1,34192878,SUMINISTRO DE EQUIPO DE DIAGNOSTICO REPRODUCTIVO VETERINARIO (ECOGRAFO) INSUMOS AGROPECUARIOS Y MEDICAMENTOS VETERINARIOS PARA ESPECIES MAYORES MENORES Y ANIMALES DOMÉSTICOS DEL MUNICIPIO DE SOCOTÁ -BOYACÁ,,
VETERINARIA HUELLITAS PASTO,2,2,33779770,PRESTACION DE SERVICIOS PAR EL DESARROLLO DE LA JORNADA DE VACUNACION ANTIRRABICA DE FELINOS Y CANINOS PROGRAMAS EN EL MARCO DEL PLAN DE ACCION DE SALUD (PAS) 2025 DENTRO DE LA LINEA OPERATIVA DE CUIDADO DELA SALUD EN CUMPLIMIENTO DE LA RESOLUCIoN 100 DEL 2024 Y 1597 DEL 2025 DE LA SECRETARIA DE SALUD DEL MUNICIPIO DE TANGUA,,
AGROPECUARIA PEQUE S.A.S,1,1,32480000,SUMINISTRO DE INSUMOS Y MEDICAMENTOS VETERINARIOS CON DESTINO A LAS DIFERENTES CAMPANAS Y BRIGADAS DE SANIDAD ANIMAL QUE EJECUTA LA UMATA DEL MUNICIPIO DE PEQUE,,
EPRESS PETS LA VACALTDA,1,1,32480000,ADQUISICION DE INSUMOS Y MEDICAMENTOS VETERINARIOS PARA LA IMPLEMENTACION DEL PROGRAMA DE MEJORAMIENTO GENETICO BOVINO Y PORCINO Y ASISTENCIA TECNICA EN GRANDES ESPECIES DEL MUNICIPIO DE LA MESA,,
PROVEDORA PECUARIA DE COLOMBIA,1,1,31993831,COMPRAVENTA DE MEDICAMENTOS E INSUMOS PARA LA REALIZACION DE LOS PROGRAMAS DE SANIDAD ANIMAL BIENESTAR ANIMAL Y SEGURIDAD ALIMENTARIA ORIENTADOS POR LA SECRETARIA DE DESARROLLO ECONOMICO AMBIENTAL Y DE TURISMO DEL MUNICIPIO DE BITUIMA-CUNDINAMARCA VIGENCIA 2023,,
TECNOLOGIAS AGROPECUARIAS DE COLOMBIA S.A.S R/L,2,2,30928000,SUMINISTRO Y SERVICIO DE VACUNACION CONTRA ENFERMEDADES COSTRIDIALES (CARBON SINTOMATICO) Y DESPARASITACION PARA EL CONTROL DE PARASITOS INTERNOS Y EXTERNOS EN BOVINOS EN EL MUNICIPIO DE PANQUEBA BOYACA,,
agropecuaria la granjita,1,1,30647200,SUMINISTRO DE ANIMALES VIVOS CONCENTRADOS Y MEDICAMENTOS PARA LAS ESPECIES DE LA GRANJA INTEGRAL DEL EPMSC DE MANIZALES.,,
CRUZ AZUL VETERINARIA S.A.S.,2,2,30000000,PRESTACIÓN DE SERVICIOS PROFESIONALES EN SALUD PÚBLICA PARA LA EJECUCIÓN DE LA VACUNACIÓN ANIMAL EN LA ZONA RURAL Y DE CONURBACIÓN DEL MUNICIPIO DE TURBACO BOLÍVAR.,,
ASOCIACION DE GANADEROS Y PRODUCTORES AGROPECUARIOS DE ANAPOIMA - ASOGYG,1,1,29999000,AUNAR ESFUERZOS CON LA ASOCIACION DE GANADEROS Y PRODUCTORES AGROPECUARIOS DE ANAPOIMA ASOGYG PARA LA COMPRA DE MEDICAMENTOS Y CONTRIBUIR AL FORTALECIMIENTO DE LA IMPLEMENTACION GENETICA EN EL MUNICIPIO DE ANAPOIMA,,
CENTRAL PECUARIA .S.A,1,1,29862681,COMPRA DE INSUMOS FARMACEUTICOS PARA LA ATENCION EN EL HOSPITAL VETERINARIO DE LA UNIVERSIDAD DEL TOLIMA: CANISAN ADVOCATE CARPRODYL Y OTROS,,
ALMACEN AGROPECUARIO DE ANTIOQUIA S.A.S,3,3,29414650,ADQUISICION DE MEDICAMENTOS PARA PRESTAR LOS SERVICIOS DE MEDICINA VETERINARIA Y PARA EL PROCEDIMIENTO DE ESTERILIZACIONES DE CALDAS ANTIOQUIA,,
ALMACEN VETERINARIO EL ESTABLO,1,1,28000000,CONTRATAR LA PRESTACION DE SERVICIOS PARA LA ATENCION Y CUIDADO DE LOS CANINOS FELINOS Y SEMOVIENTES INCLUIDOS EL SUMINISTRO DE MEDICAMENTOS Y ALIMENTOS PARA LOS ANIMALES REMITIDOS POR EL COSO MUNICIPAL CASA AMIGA DE LOS ANIMALES EN EL MUNICIPIO DE EL ESPINAL - TOLIMA,,
MI RANCHO AGROVETERINARIA TIMANA,2,2,27921740,CONTRATO DE COMPRA VENTA DE BULTOS DE CONCENTRADOS MEDICAMENTOS REPUESTOS ACCESORIOS Y HERRAMIENTAS PARA EL MANTENIMIENTO Y SOSTENIMIENTO DE LOS PROYECTOS DE PORCICULTURA AVICULTURA PISCICULTURA Y BOVINOS DE PROPIEDAD DE LA INSTITUCION EL TEJAR DE TIMANA,,
COMERCIALIZACION Y SERVICIOS AGROPECUARIOS DE LA SABANA LTDA  COMERSABANA LTDA,1,1,27738300,COMPRA DE MEDICAMENTOS E INSUMOS VETERINARIOS A BENEFICIAR A PEQUENOS PRODUCTORES Y ORGANIZACIONES PECUARIAS CON JURISDICCION EN EL MUNICIPIO DE SAN MARCOS DEPARTAMENTO DE SUCRE,,
AGROVETERINARIA VARGAS,3,3,27348000,COMPRA DE BULTOS DE CONCENTRADOS MEDICAMENTOS MATERIALES Y ELEMENTOS PARA EL NORMAL DESARROLLO DE LOS PROYECTOS PEDAGOGICOS PRODUCTIVOS,,
CENTRO MEDICO VETERINARIO LA CASA DE LAS MASCOTAS,1,1,25438728,SUMINISTRO DE MEDICAMENTOS INSUMOS Y MATERIALES PARA LA REALIZACION DE TRATAMIENTOS PREVENTIVOS CURATIVOS Y DE MANEJO MEDICO DE FAUNA SILVESTRE PARA LOS ESPECIMENES INGRESADOS Y ALOJADOS DENTRO DEL HOGAR DE PASO EL PICÓN DE LA CORPORACIÓN AUTONOMA REGIONAL DE LA ORINOQUIA CORPORINOQUIA,,
DROGUERIA Y VETERINARIA CAMPO ALEGRE J&O,1,1,25407200,PRESTACION DE SERVICIOS PARA LA COMPRA DE ELEMENTOS QUE GARANTICEN LAS ACTIVIDADES PRODUCTIVAS PECUARIAS DE LOS ADULTOS MAYORES DEL AREA RURAL DEL PROGRAMA CENTRO VIDA DEL MUNICIPIO DE GACHALA CUNDINAMARCA,,
EXPRESS PETS LA VACA,1,1,25243670,SUMINISTRO DE MEDICAMENTOS E INSUMOS VETERINARIOS PARA NUTRICION Y SANIDAD ANIMAL EN EL MUNICIPIO DE SAN FRANCISCO CUNDINAMARCA,,
EL MUNDO DEL CAMPO AGRO-VETERINARIA,2,2,25112500,ADQUISICIÓN DE INSUMOS Y SUMINISTRO DE MEDICAMENTOS PARA GARANTIZAR LA PRESTACIÓN DE SERVICIOS EN ASISTENCIA TÉCNICA Y PROFESIONAL ATENCIÓN DE URGENCIAS EN ESPECIES MENORES Y ANIMALES DE PRODUCCIÓN DE LA ALCALDÍA DE SOATÁ-BOYACÁ,,
AGROPECUARIA SAMANA,1,1,25000000,SUMINISTRO DE CONCENTRADOS MEDICAMENTOS E INSUMOS PARA GARANTIZAR LA EJECUCION DE LOS PROGRAMAS DE BENEFICIO ANIMAL EN EL COSO MUNICIPAL EN SAMANA CALDAS,,
ANIMAL HEALTH CENTRO VETERINARIO,1,1,25000000,SUMINISTRO DE MEDICAMENTOS E INSUMOS VETERINARIOS PARA EL DESARROLLO DE LAS JORNADAS ANUALES DE ESTERILIZACIÓN Y ADOPCIÓN DE ANIMALES CANINOS Y FELINOS EN EL MUNICIPIO DE FACATATIVÁ.,,
CLINICA VETERINARIA FUNZA S.A.S.,1,1,25000000,PRESTACION DE SERVICIOS DE APOYO A LA GESTION DE URGENCIAS MEDICAS VETERINARIAS Y MEDICAMENTOS DESTINADOS A LA ATENCION Y TRATAMIENTOS (PREVENTIVOS CURATIVO Y DE URGENCIAS) DE PRIMERA NECESIDAD DE CARACTER INMEDIATO LA REALIZACION DE ANALISIS CIRUGIAS MENORES MAYORES Y GENERAL HOSPITALIZACION O AISLAMIENTO PARA LA ATENCION MEDICA VETERINARIA PARA ANIMALES ACCIDENTADOS Y ABANDONADOS CON INSTALACIONES ADECUADAS EN EL MUNICIPIO DE FUNZA PARA LA VIGENCIA 2020,,
CENTRO INTERNACIONAL DE TRAZABILIDAD AGROPECUARIA CITAG S.A.S.,1,1,24999050,CONTRATAR LA ADQUISICION DE INSUMOS Y MEDICAMENTOS DE USO VETERINARIO QUE PERMITAN EL BUEN DESARROLLO DE LAS RESPECTIVAS JORNADAS DE PREVENCION Y SALUD ANIMAL DESPARASITACION VITAMINIZACION ESTERILIZACION ENTRE OTRAS Y LA ADQUISICION DE CIENTO CUARENTA (140) PAJILLAS DE SEMEN BOVINO PARA DESARROLLAR PROCESOS DE INSEMINACION ARTIFICIAL EN BOVINOS A PEQUENOS PRODUCTORES DEL MUNICIPIO DE LA PALMA,,
ASOCIACION DE PRODUCTORES AGROPECUARIOS DEL ORIENTE COLOMBIANO,1,1,24990000,PRESTACION DE SERVICIOS PROFESIONALES PARA ADELANTAR CAPACITACION TEORICO PRACTICA SOBRE REGLAMENTACION MANEJO HIDRATACION VACUNACION CONTRA FIEBRE AFTOSA Y RABIA BOVINA SANIDAD EQUINA Y BOVINA APERAJE Y VACUNACION CONTRA ENCEFALITIS - RABIA Y MUESTREO ANEMIA INFECCIOSA EQUINA EN EL MUNICIPIO DE MATANZA,,
AGRO VETERINARIA SERVICAMPO Y CIA LTDA,1,1,24578000,SUMINISTRO DE MEDICAMENTOS VETERINARIOS Y OTROS INSUMOS PARA LA ATENCION DE LA ASISTENCIA TECNICA Y PROYECTOS AGROPECUARIOS A REALIZAR EN LA SECRETARIA DE AGRICULTURA DESARROLLO ECONOMICO Y AMBIENTE DEL MUNICIPIO DE SIBATE,,
AGROVETERINARIA SALGAR LIMITADA,1,1,24481450,SUMINISTRO  DE INSUMOS AGROPECUARIOS PARA EL DESARROLLO DEL PROGRAMA DE SANIDAD ANIMAL DE MASCOTAS Y COSO MUNICIPAL MEDIANTE LA ADQUISICION DE MEDICAMENTOS DISPOSITIVOS MEDICOS ALIMENTO Y ELEMENTOS TECNICOS PARA DAR CUMPLIMIENTO A LEY 84 DE 1989 LEY 5 DE 1972 LA ORDENANZA 135 DE 2012  LEY 1774 DE 2016  LA LEY 172 DE 2015 Y LA  LEY 1801 DE 2016  CODIGO NACIONAL DE POLICIA EN ESPECIAL LO CONFERIDO EN EL TITULO XIII DE LA RELACION CON LOS ANIMALES CAPITULOS I II Y III.  EN EL MUNICIPIO DE PUERTO SALGAR  CUNDINAMARCA,,
ANIMAL DIAGNOSTIC S.A.S,2,2,24371412,COMPRA DE REACTIVOS PARA EL LABORATORIO DE INMUNODIAGNOSTICO,,
FUNDACION SOCIAL AMBIENTAL AGROPECUARIA PARA LA SOCIEDAD COLOMBIANA,1,1,24056564,PRESTACION DE LOS SERVICIOS PARA LA TOMA DE MUESTRAS Y ANALISIS FISICOS QUIMICOS Y MICROBIOLOGICOS DE AGUA POTABLE Y AGUA CRUDA EN LOS ACUEDUCTOS DEL CASCO URBANO Y CENTROS POBLADOS DEL MUNICIPIO DE UBALA.,,
AGROVETERINARIA SUPERCAMPO LM SAS,1,1,23000000,SUMINISTRO DE MEDICAMENTOS E IMPLEMENTOS PARA LA ASISTENCIA TECNICA DE ESPECIES MENORES DEL MUNICIPIO DE PUERTO WILCHES,,
VETERINARIA DEL RANCHO DE LES SAS,1,1,22460852,SUMINISTRO DE INSUMOS Y MEDICAMENTOS DE VETERINARIA PARA LOS EQUINOS DEL CENTRO INTEGRAL DE REHABILITACION (HIPOTERAPIA) ADSCRITO A LA EMPRESA SOCIAL DEL ESTADO SALUD YOPAL,,
FUNDACION ANIMAL DE RISARALDA,1,1,20000000,PRESTACION DE SERVICIOS CON EL FIN DE REALIZAR JORNADA DE PROMOCION DE ADOPCION ESTERILIZACION ATENCION MEDICO VETERINARIA Y VACUNACION DE PERROS Y GATOS QUE LO REQUIERAN Y SEAN DECLARADOS EN CONDICION DE ABANDONO EN EL MUNICIPIO DE BELEN DE UMBRIA RISARALDA,,
Farmavet Farmacia Veterinaria S.A.S,1,1,20000000,SUMINISTRO DE ALIMENTO BALANCEADO PARA ALBERGUES Y HOGARES DE PASO DE ANIMALES EN CONDICIONES PRECARIAS COMO CAMPAÑA SANITARIA Y DE PROTECCIÓN ANIMAL EN EL DEPARTAMENTO DE RISARALDA,,
VETERINARIA EL RANCHO DE LES S.A.S R/L,1,1,20000000,SUMINISTRO DE INSUMOS Y MEDICAMENTOS DE VETERINARIA PARA LOS EQUINOS DEL CENTRO INTEGRAL DE REHABILITACION (HIPOTERAPIA) ADSCRITO A LA EMPRESA SOCIAL DEL ESTADO SALUD YOPAL,,
PROVEEDORA PECUARIA  DE COLOMBIA S.A.S.,1,1,19500790,"ADQUISICION DE INSUMOS Y MEDICAMENTOS VETERINARIOS PARA LOS
PROGRAMAS DE MEJORAMIENTO GENETICO Y SANIDAD ANIMAL DEL MUNICIPIO DE GUAYABETAL",,
MI RANCHO AGROVETERINARIO TIMANA,2,2,18891631,COMPRA DE BULTOS DE CONCENTRADOS MEDICAMENTOS MATERIALES Y ELEMENTOS PARA EL NORMAL DESAROLLO DE LOS PROYECTOS PEDAGOGICOS PRODUCTIVOS DE PROPIEDAD DE LA INSTITUCION,,
SERVICIOS AGROPECUARIOS Y AGROINDUSTRIALES - VALAGRO,1,1,18636429,SUMINISTRO DE INSUMOS VETERINARIOS Y MATERIAL BIOLOGICO (VACUNAS) PARA EL PRIMER CICLO DE VACUNACION BOVINA CONTRA CARBON SINTOMATICO EN LA JURISDICCION DEL MUNICIPIO DE JUNIN,,
EMPRESA COLOMBIANA DEL SECTOR AGROPECUARIO ECOSAGRO LTDA,1,1,18615000,SUMINISTRO DE INSUMOS AGROPECUARIOS SEGUN FICHA TECNICA  PARA LA EJECUCION DE UN PROYECTO PRODUCTIVO QUE INCENTIVE LA GENERACION DE INGRESOS Y LA SEGURIDAD ALIMENTARIA DE LA POBLACION VICTIMA DEL CONFLICTO ARMADO EN CUMPLIMIENTO DE LAS METAS ESTABLECIDAS EN EL PLAN DE ACCION TERRITORIAL (PAT),,
ALMACEN VETERINARIO MI CORRAL,1,1,18080000,COMPRA DE MEDICAMENTOS E INSUMOS VETERINARIOS PARA EL DESARROLLO DE PROGRAMAS DE ASISTENCIA TECNICA AGROPECUARIA UMATA EN EL MUNICIPIO DE EL CARMEN DE BOLIVAR,,
DISTRIBUIDORA DE MAQUINARIA AGRICOLA Y PECUARIA S.A.S,1,1,18000000,SUMINISTRO DE CUBA DE ENFRIAMIENTO DE LECHE DE 1500 LITROS COMO APOYO A PROYECTO PRODUCTIVO EN EL MUNICIPIO DE OICATA BOYACA,,
VETERINARIAS LAS HORMIGAS,1,1,18000000,SUMINISTRO DE MEDICAMENTOS Y/O PRODUCTOS DE USO VETERINARIOS PARA LA EJECUCION DE LOS PROYECTOS RELACIONADOS CON LA PRODUCCION PECUARIA Y ASISTENCIA TECNICA PECUARIA A PEQUENOS Y MEDIANOS PRODUCTORES DEL EL MUNICIPIO DE SAN JOSE DEL PALMAR CHOCO,,
VETERINARIA EL RANCHO DE LES SAS,1,1,17751642,COMPRA-VENTA DE MATERIAL BIOLÓGICO PARA ENCEFALITIS EQUINA VENEZOLANA (CEPA TC83) PARA LA VACUNACIÓN DE 1.000 EJEMPLARES EQUINOS EN EL MUNICIPIO DE YOPAL.,,
LABORATORIO MEDICO VETERINARIO LMV S.A.S.,1,1,17676000,ADQUISICION DE REACTIVOS NECESARIOS PARA LA DETECCION DE ANTICUERPOS QUE SENALEN INMUNIDAD FRENTE AL AGENTE ESPECIFICO SARS COV2 EN ANIMALES DOMESTICOS Y SILVESTRES EN EL MARCO DEL PROYECTO: FORTALECIMIENTO DE CAPACIDADES INSTALADAS DE CIENCIA Y TECNOLOGIA DE LA UNIVERSIDAD DE CORDOBA PARA ATENDER PROBLEMATICAS ASOCIADAS CON AGENTES BIOLOGICOS DE ALTO RIESGO PARA LA SALUD HUMANA EN EL DEPARTAMENTO DE CORDOBA CODIGO BPIN 2020000100090,,
CENTRAL PECUARIA,1,1,17427719,SUMINISTRAR PERIODICA Y CONTINUAMENTE ALIMENTO PARA EL SOSTENIMIENTO DE LOS ANIMALES DE LA GRANJA AL IGUAL QUE ENGORDE CRIADORA VACUNAS INSUMOS AGRICOLAS Y OTROS QUE SE REQUIERAN DURANTE LA EJECUCION DEL CONTRATO DE LOS SITIOS DONDE SE ENCUENTRAN UBICADOS PARA LAS ESTACIONES AGRICOLAS SEGUN LO REQUERIDO POR EL DOCENTE ENCARGADO,,
AGRO VETERINARIA DEL TOLIMA S.A.S,1,1,17000000,SUMINISTRO DE MEDICAMENTOS Y ELEMENTOS DE CIRUGIA PARA LA UNIDAD DE ASISTENCIA TECNICA AGROPECUARIA Y MEDIO AMBIENTE UMATA DEL MUNICIPIO DE ALVARADO TOLIMA,,
DISTRIBUIDORA CASA AGROPECUARIA ZV SAS,1,1,15898692,"EL CONTRATISTA SE OBLIGA A VENDER Y A ENTREGAR MEDICAMENTOS E
INSUMOS MEDICOS VETERINARIOS NUEVOS Y EN OPTIMO ESTADO A LA
UNIVERSIDAD CONFORME A LA CLAUSULA SEGUNDA DEL PRESENTE
INSTRUMENTO Y A LA COTIZACION PRESENTADA DOCUMENTO INTEGRAL DEL
PRESENTE NEGOCIO JURIDICO.",,
ASOCIACION PARA LA CONSERVACION AMBIENTAL EL DESARROLLO RURAL Y LA EXTENSION AGROPECUARIA PROCAMP,1,1,15838280,REALIZAR JORNADAS DE VACUNACION A LOS EQUIDOS DEL MUNICIPIO DE MONTERREY PARA FORTALECER EL ESTATUS SANITARIO CONTRA LA ENCEFALITIS EQUINA VENEZOLANA (EEV) INFLUENZA EQUINA (IE) Y TOMA DE MUESTRAS SEROLOGICAS CONTRA LA ANEMIA INFECCIOSA EQUINA (AIE).,,
AGROPECUARIA CULTYAGRO ZOMAC S.A.S.,1,1,14674000,SUMINISTRO DE MEDICAMENTOS VETERINARIOS E INSUMOS PARA LA ATENCIÓN DE ANIMALES EN SITUACIÓN VULNERABLES EN EL MUNICIPIO DE CAREPA ANTIOQUIA EN EL MARCO DE LA POLÍTICA PÚBLICA DE BIENESTAR ANIMAL,,
ANIMAL GROWTH SAS BIC,1,1,14369905,SUMINISTRO DE INSUMOS Y PRODUCTOS QUÍMICOS INSECTICIDAS HERBICIDAS MATERIALES REACTIVOS Y OTROS INSUMOS AGRICOLAS PARA EL BATALLÓN DE COMANDO Y APOYO DE INFANTERIA DE MARINA No. 1 Y SUS UNIDADES ADSCRITAS ADMINISTRATIVAMENTE DE CONFORMIDAD CON LAS ESPECIFICACIONES TÉCNICAS DESCRITAS EN ANEXO TÉCNICO DEL PRESENTE ESTUDIO,,
FUNDACION ACCION ANIMAL DE RISARALDA,1,1,14000000,PRESTACION DE SERVICIOS DE APOYO A LA GESTION PARA LA ATENCION INTEGRAL DE LOS ANIMALES LLEVADOS AL HOGAR DE PASO ANIMAL DE PUEBLO RICO RISARALDA SEGUN LEY 746 DE 2002 INCLUYENDO EL SUMINISTRO DE ALIMENTACION  Y MEDICAMENTOS REQUERIDOS PARA SU ATENCION,,
AGROPECUARIA EL CAMPESINO,1,1,13912700,Adquisición de materiales de formación producción de centro del CAB. (LOTE 7. Medicamentos).,,
ANIMAL DIAGNOSTIC S.A,1,1,13824000,COMPRA KITS DE CIRCOVIRUS PARA EL LABORATORIO DE INMUNODIAGNOSTICO,,
ALMACEN AGROPECUARIO DE ANTIOQUIA S.AS,1,1,13752173,SUMINISTRO DE MEDICAMENTOS E INSUMOS VETERINARIOS PARA LA REALIZACION DE BRIGADAS DE SALUD ANIMAL MEDIANTE LA ESTERILIZACION DE CANINOS Y FELINOS Y MEJORAMIENTO DEL ESTADO SANITARIO DE EQUINOS EN LA ZONA URBANA Y RURAL EN EL MUNICIPIO DE ALEJANDRIA ANTIOQUIA,,
CONCENTRADOS EL RAQNCHO LTDA DROGUERIA VETERINARIA,1,1,13659003,ADQUISICION DE SILLAS Y ATALAJES PARA LOS SEMOVIENTES EQUINOS DE LAS AREAS DE CONSERVACION Y MANEJO AMBIENTAL DE LA CORPORACION UTONOMA REGIONAL DEL QUINDIO,,
TODO CAMPO AGROPECUARIO S.A.S,1,1,12950000,SUMINISTRO DE INSUMOS AGROPECUARIOS PARA LOS PROYECTOS PRODUCTIVOS DE LA INSTITUCION EDUCATIVA RURAL LA CABANA 12 CONCETRADOS INICIO CERDOS X 40 KG 78 CONCETRADO PONEDORAS X 40 KG 1 GLIFOSOL X GALON 1 VACUNA GUMBORO X 1000 DOSIS 1 VACUNA NE.CASTLE B1 X 1000 DOSIS 8 CONCENTRADO POLLO ENGORDE X 40 KG 2 CONCENTRADO TILAPIA AL 38% 200 BOLSA LECHOSO PLATANO 11 KILOS CONEJOS CONCENTRADO38 CONCETRADO CERDO LEVANTE NARANJA X 40 KG 1 SUCLORTRIM 75 SB X 500 GR 1 ATOMIZADOR GRADUAL 6 CONCENTRADO TILAPIA AL 24% X 40 KG 3 CASCARILLA DE ARROZ REGULAR X 50 KG 1 MIEL DE PURGA X 30 KG 1 SAL MIN 8%*40K AGROF 37 CONCENTRADO CERDO FINALIZADOR NARANJA X 40 KG 2 CONCETRADO MOJARRA AL 30 % X 40 KG 1 GALON DE ROUNDOP Y FLETE ENVIO MERCANCIA.,,
DROGUERIA VETERINARIA LTDA,2,2,12725634,Contratar el suministro de alimentos material veterinario y el servicio de atención médica veterinaria para los CANINOS del Establecimiento Penitenciario de Mediana Seguridad y carcelario de Cartagena,,
ASOCIACION DE PRODUCTORES AGRPECUARIOS DEL RESGUARDO INDIGENA DE MOSOCO PAEZ CAUCA,1,1,12500000,AUNAR ESFUERZOS HUMANOS TECNICOS Y FINANCIEROS ENTRE EL MUNICIPIO DE PAEZ CAUCA Y LA ASOCIACION ASOPRAMOS PARA LA EJECUCION DEL PROYECTO DENOMINADO: CAPACITACION ELABORACION E IMPLEMNETACION DE MEDICAMENTOS A BASE DE PLANTAS MEDICINALES EN EL RESGUARDO INDIGENA DE MOSOCO.,,
CENTRAL PECUARIA S.A.,1,1,12000000,SUMINISTRAR INSUMOS PECUARIOS ELEMENTOS VETERINARIOS MEDICAMENTOS VACUNAS PARA LOS PROYECTOS ACADEMICOS PECUARIOS DE GALLINA PONEDORA POLLOS DE ENGORDEPORCINOS EQUINOS OVINO-CAPRINOS Y GANADERIAS DE LOS CENTROS EXPERIMENTALES ARMERO-LA REFORMA Y EL RECREO DE LA UNIVERSIDAD DEL TOLIMA PARA EL ANO 2022.,,
PROVEEDORA PECUARIA DE COLOMBIA S.A.S,1,1,11773504,CONTRATAR LA COMPRA DE MEDICAMENTOS E INSUMOS VETERINARIOS PARA EL FORTALECIMIENTO DE LA PRESTACION DEL SERVICIO DE EXTENSION AGROPECUARIA EN EL MUNICIPIO DE ALBAN CUNDINAMARCA,,
AGROVETERINARIA LOS VALENCIA SAS,1,1,11382231,SUMINISTRO DE MEDICAMENTOS E INSUMOS VETERINARIOS PARA LA REALIZACION DE BRIGADAS DE SALUD ANIMAL MEDIANTE LA ESTERILIZACION DE CANINOS Y FELINOS EN LA ZONA URBANA Y RURAL EN EL MUNICIPIO DE ALEJANDRIA ANTIOQUIA.,,
UNIDAD DE DESARROLLO AGROPECUARIO UDESAP LTDA,1,1,10578150,COMPRA DE DOSIS E INSUMOS PARA REALIZAR LA JORNADA DE VACUNACION CONTRA EL CARBON SINTOMATICO EN EL MUNICIPIO DE COVARACHIA BOYACA,,
ASOCIACION PROTECORA DE ANIMALES DE PUEBLO RICO RISARALDA VIDAS FELICES,1,1,10500000,PRESTACION DE SERVICIOS DE APOYO A LA GESTION PARA LA ATENCION INTEGRAL DE LOS ANIMALES LLEVADOS AL HOGAR DE PASO ANIMAL DE PUEBLO RICO RISARALDA SEGUN LEY 746 DE 2002 INCLUYENDO EL SUMINISTRO DE ALIMENTACION  Y MEDICAMENTOS REQUERIDOS PARA SU ATENCION,,
DISTRIBUCIONES VETERINARIAS S.A.,1,1,10000000,"CONTRATAR EL SUMINISTRO DE MEDICAMENTOS DE USO VETERINARIO REQUERIDOS EN LOS PROCESOS MEDICO-QUIRURGICOS Y
ATENCION INTRA-HOSPITALARIA DEL HOSPITAL VETERINARIO DE LA UNIVERSIDAD DE CALDAS.",,
FUNDACION PROTECTORA DE ANIMALES VITERBO CALDAS,1,1,10000000,CONVENIO DE ASOCIACION CON UNA ENTIDAD CIVICA U ONG PARA REALIZAR EL SOSTENIMIENTO Y MANTENIMIENTO DEL COSO MUNICIPAL PARA PROVEER ALIMENTO DIETETICO Y NUTRICIONAL PARA PERROS Y GATOS PROVEER LOS ELEMENTOS DE ASEO PARA GARANTIZAR EL SANEAMIENTO DEL COSO MUNICIPAL SUMINISTRAR MEDICAMENTOS REQUERIDOS PARA LOS ANIMALES QUE ESTEN A CARGO DEL COSO MUNICIPAL REALIZAR CIRUGIAS DE ESTERILIZACION MENSUAL PARA HEMBRAS Y MACHOS DE FELINOS Y CANINOS Y SERVICIOS VETERINARIOS POR EVENTOS.,,
ZOOMED S.A.S.,1,1,10000000,SUMINISTRO DE INSUMOS DE MEDICAMENTOS DE USO VETERINARIO PARA EL MEJORAMIENTO DE LA ASITENCIA TECNICA CON LA ADQUISICION DE EQUIPOS Y MAQUINARIA ENFOCADOS TAMBIEN EN BROTE DE ENFERMEDADES Y BIENESTAR ANIMAL EN EL MUNICIPIO DE EL DOVIO VALLE DEL CAUCA,,
ASEMEVET HOSPITAL VETERINARIO S.A.S,1,1,9998550,ADQUISICIoN DE INSUMOS MEDICAMENTOS Y ELEMENTOS VETERINARIOS NECESARIOS PARA LA REALIZACIoN DE PROCEDIMIENTOS DE ESTERILIZACIoN DE CANINOS Y FELINOS EN PROCURA DE LA PROTECCIoN DE LA SALUD PuBLICA EN EL MUNICIPIO DE SOCHA BOYACA,,
CLINICA VETERINARIA VISION DE COLOMBIA,1,1,9995000,CONTRATO DE PRESTACION DE SERVICIOS PARA LA REALIZACION DE 123 PROCEDIMIENTOS QUIRURGICOS SECTOR RURAL TRABAJO A DESARROLLAR Y ADQUISICION DE MEDICAMENTOS VETERINARIOS PARA EL FORTALECIMIENTO DE LA JUNTA DEFENSORA DE ANIMALES BAJO EL PROGRAMA DE TENENCIA RESPONSABLE ANIMALES DE COMPANIA EN CUATRO JORNADAS EN CAQUEZA CUNDINAMARCA,,
CENTRAL PECUARIA S.A,1,1,9930905,SUMINISTRAR PERIODICA Y CONTINUAMENTE ALIMENTO PARA EL SOSTENIMIENTO DE LOS ANIMALES DE LA GRANJA AL IGUAL QUE ENGORDE CRIADORA VACUNAS INSUMOS AGRICOLAS Y OTROS QUE SE REQUIERAN DURANTE LA EJECUCION DEL CONTRATO DE LOS SITIOS DONDE SE ENCUENTRAN UBICADOS PARA LAS ESTACIONES AGRICOLAS SEGUN LO REQUERIDO POR EL DOCENTE ENCARGADO,,
LABORATORIO MEDICO VETERINARIO LMV,1,1,8322000,COMPRA DE REACTIVOS PARA LA HACIENDA LA MONTANA,,
DISTRIBUCIONES VETERINARIAS S.A,1,1,8000000,"CONTRATAR EL SUMINISTRO DE MEDICAMENTOS DE USO VETERINARIO REQUERIDOS EN LOS PROCESOS MEDICO QUIRURGICOS
REALIZADOS EN LA CLINICA VETERINARIA DE LA UNIVERSIDAD DE CALDAS.",,
Asistencia Medica Veterinaria Asimevet SAS,2,2,7399900,Compra de insumos de sostenimiento y medicamentos para los semovientes del Parque Nacional Natural Los Katíos vigencia 2022,,
FUNDACION PARA LA PREVENCION Y ERRADICACION DE LA ZOONOSIS / FUNDERZOO,1,1,7000000,SERVICIOS Y SUMINISTROS DE MEDICAMENTOS E INSUMOS VETERINARIOS PARA REALIZAR JORNADA DE ESTERILIZACION PARA CANINOS Y FELINOS MUNICIPIO DE PESCA BOYACA,,
JOSE LUIS BARAJAS MERCHAN / AGROVETERINARIA JL,1,1,6347663,ADQUISICION DE MEDICAMENTOS VETERINARIOS PARA JORNADA DE ESTERILIZACION CANINA Y FELINA EN EL MUNICIPIO DE CONCEPCION SANTANDER.,,
FUTURO AGROPECUARIO Y AMBIENTAL DE COLOMBIA EN NUESTRAS MANOS SAS,1,1,6000000,SUMINISTRO DE INSUMOS PARA EL FORTALECIMIENTO DE LA UNIDAD PRODUCTIVA DE LAS FAMILIAS VICTIMAS DEL CONFLICTO ARMADO RESIDENTES EN EL MUNICIPIO DE IZA,,
INVERSIONES ZOOGRANJAS S.A.S,1,1,6000000,SUMINISTRO DE INSUMOS Y MEDICAMENTOS ERQUERIDOS PARA LA CORRECTA ATENCIoN DEL SERVICIO MeDICO VETERINARIO DE LA UMATA EN EL MUNICIPIO DE CARAMANATA ANTIOQUIA DE ACUERDO AL PROYECTO 2024051450024.,,
AGROPECUARIA TECNICA ESPECIALIZADA S.A.S,1,1,5998400,SUMINISTRO DE GALLINAS PONEDORAS Y POLLOS DE ENGORDE INSUMOS PARA LA ADECUACION DE GALPONES COMO APOYO Y ATENCION INTEGRAL A FAMILIAS EN CONDICIONES DE DESPLAZAMIENTO QUE HABITAN EN EL MUNICIPIO DE OICATA,,
LABORATORIO MEDICO VETERINARIO LMV LTDA,1,1,5760000,COMPRA DE REACTIVOS PARA EL LABORATRIO DE INMUNODIAGNOSSTICO,,
CORPORACIÓN PARA EL DESARROLLO AMBIENTAL Y AGROPECUARIO COLOMBIANO - CORPDAGRO,1,1,5591306,COMPRA DE SUPLEMENTOS ALIMENTICIOS (CONCENTRADOS) ELEMENTOS Y MEDICAMENTOS VETERINARIOS,,
TECNOLOGIAS AGROPECUARIAS DE COLOMBIA SAS,1,1,5500000,SUMINISTRO PARA SEGUNDA JORNADA DE VACUNACION CONTRA EL CARBON SINTOMATICOSEPTICEMIA Y EDEMA MALIGNO EN EL MUNICIPIO DE EL COCUY BOYACA.,,
SERVICIOS AGROPECUARIOS Y AMBIENTALES DAVID SAS,1,1,5366460,SUMINISTRO DE INSUMOS Y VACUNA PARA REALIZAR EL PRIMER CICLO DE VACUNACION CONTRA CARBON SINTOMATICO EN EL GANADO BOVINO EN EL MUNICIPIO DE EL ESPINO ANO 2021,,
CORNETA Y ZOOM Y/O ALEXANDER COMETA AMBITO,1,1,5048000,SUMINISTRO DE INSTRUMENTOS  Y ACCESORIOS PARA LA BANDA MUSICAL DEL MUNICIPIO DE MUZO BOYACA CON SU RESPECTIVO MANTENIMIENTO PREVENTIVO Y CORRECTIVO,,
FUTURO AGROPECUARIO Y AMBIENTAL DE COLOMBIA,1,1,5000000,SUMINISTRO DE MEDICAMENTOS Y MATERIALES Y/O INSUMOS NECESARIOS PARA LA REALIZACION DE HISTERECTOMIAS Y OVARISTECTOMIAS RADICALES O CASTRACIONES EN CANINOS O FELINOS MACHOS Y HEMBRAS CON PESO MAXIMO DE 15 KG EN EL MUNICIPIO DE BUENAVISTA BOYACA,,
ORGANIZACION EMPRESARIAL ZOOTEC SAS,1,1,5000000,SUMINISTRO DE HERBICIDA CON DESTINO A ACTIVIDADES DE MANTENIMIENTO Y CONTROL DE MALEZA DE LA RED VIAL TERCIARIA DEL MUNICIPIO DE JENESANO DEPARTAMENTO DE BOYACA,,
CENTRO AGROPECUARIO EL PEÑOL,1,1,4988000,SUMINISTRO DE MEDICAMENTOS Y MAIZ ROJO COMO PARTE DEL FORTALECIMIENTO ASOCIATIVO Y ASISTENCIA TECNICA AGROPECUARIA CON ENFOQUE AGROECOLOGICO DIRIGIDA A PEQUEÑOS PRODUCTORES EN EL CORREGIMIENTO DEL VERGEL MUNICIPIO DE LA LLANADA,,
CORPORACION PARA EL DESARROLLO AMBIENTAL Y AGROPECUARIO COLOMBIANO CORPDAGRO,1,1,3978700,SUMINISTRO DE INSUMOS Y VACUNA PARA REALIZAR EL PRIMER CICLO DE VACUNACION CONTRA CARBON SINTOMATICO EN EL GANADO BOVINO EN EL MUNICIPIO DE EL ESPINO ANO 2020,,
VETERINARIA LAS HORMIGAS,2,2,3376178,ADQUISICION A TITULO DE COMPRAVENTA DE SEMILLAS MEDICAMENTOS E INSUMOS VETERINARIOS PARA APOYAR LOS PROGRAMAS DE SEGURIDAD ALIMENTARIA Y ASISTENCIA TECNICA AGROPECUARIA EN EL MUNICIPIO DE EL AGUILA VALLE DEL CAUCA.,,
Paola Andrea Ruiz Pedraza - Asistencia Medica Veterinaria ASIMEVET,1,1,3296000,Compra de insumos de sostenimiento y medicamentos para los semovientes del Parque Nacional Natural Los Katíos.,,
HOSPITAL MEDICO VETERINARIO C&C SAS,1,1,3280861,COMPRAVENTA DE VACUNAS Y DESPARASITANTES PARA LA SANIDAD E INOCUIDAD ANIMAL BOVINA Y OVINA EN EL MUNICIPIO DE TOTA BOYACA,,
Cevet Clinica de especialidades veterinarias y agroservicios mi rancho,1,1,3084527,Suministro de medicamentos elementos clínicos y pruebas de laboratorio requeridos para la evaluación y atención de la Fauna Silvestre ingresada al Hogar de paso de CORPOURABA.,,
ASOCIACION AGROPECUARIA PARA EL DESARROLLO DEL CAMPO,1,1,3000000,PRESTACION DE SERVICIO DE TRANSPORTE DE PERSONAS PARA EL APOYO AL PLAN NACIONAL DE VACUNACION CONTRA EL COVID -19 EN EL MUNICIPIO DE AGUADA SANTANDER,,
MARTHA ISABEL RAMIREZ ARTEAGA -  ZOOGENES REPRODUCCION ANIMAL,1,1,2000000,SUMINISTRO DE MEDICAMENTOS VETERINARIOS E INSUMOS CON DESTINO A JORNADA DE ESTERILIZACION MASIVA DE CANINOS Y FELINOS A REALIZARSE EN EL MUNICIPIO DE POTOSI  NARINO.,,
VETERINARIA EL RODEO,1,1,1246350,COMPRA DE ALIMENTOS CONCENTRADOS Y MEDICAMENTOS DE USO VETERINARIO PARA EL SOSTENIMIENTO DE SEMOVIENTES DE LA GRANJA ZUNIGA PERTENECIENTES A LOS PROYECTOS DE CUNICULTURA Y PORCICULTURA,,
AGROPECUARIA EL RIEGO S.A.S,2,2,1000000,COMPRA DE REACTIVOS PARA EL LABORATORIO DE MICROBIOLOGIA,,
AGRIVETERINARIA LA TALANQUERA DE VILLAPINZON LTDA,1,1,990200,COMPRA Y SUMINISTRO DE ROUNDUP SIETE BULTOS DE CONCENTRADO X 30 KILOS MEDICAMENTOS Y VACUNAS PARA LOS PERROS DE LA INSTITUCION EDUCATIVA DEPARTAMENTAL ESCUELA NORMAL SUPERIOR MARIA AUXILIADORA DE VILLAPINZON.,,
ZOOPETS COL S.A.S,4,4,774560,COMPRA DE MEDICAMENTO PARA EL CONTRATO GOBERNACION DE ANTIOQUIA 4600011932 2021,,
FERIAGRO AGROPECUARIA SAS,3,3,479000,COMPRA DE MEDICAMENTOS PARA LA HACIENDA LA MONTANA,,
DISTRIBUCIONES VETERINARIAS SA,1,1,205800,COMPRA DE INSUMOS Y REACTIVOS INDISPENSABLES PARA LAS ACTIVIDADES ACADEMICAS E INVESTIGATIVAS DEL BECARIO DE COLCIENCIAS LILY JOHANNA TORO DEL DOCTORADO EN CIENCIAS BIOMEDICAS DE LA UNIVERSIDAD DEL QUINDIO.,,
