day,national_shock_medicine,national_shock_multiplier,stockout_pairs,shortage_units,redistributed_units,ordered_units,pipeline_orders,pipeline_units,active_supplier_disruptions
0,-1,1.0,0,0.0,0.0,187.9852,8,187.9852,0
1,-1,1.0,0,0.0,0.0,862.8298,38,1050.8151,0
2,-1,1.0,0,0.0,0.0,2638.8042,103,3689.6193,0
3,-1,1.0,0,0.0,0.0,5864.0221,227,9553.6414,0
4,-1,1.0,0,0.0,0.0,6521.3483,359,16074.9896,0
5,-1,1.0,1,159.0966,35.6255,8040.4001,501,23633.9287,0
6,-1,1.0,0,0.0,8.3544,7425.593,550,27408.425,0
7,-1,1.0,0,0.0,14.8069,8816.4484,599,31212.1575,0
8,-1,1.0,0,0.0,0.0,9617.8557,630,34326.7616,0
9,-1,1.0,0,0.0,0.0,8073.8898,645,34632.866,0
10,-1,1.0,0,0.0,0.0,6869.477,612,32598.7796,0
11,-1,1.0,0,0.0,0.0,6792.707,609,31078.8978,0
12,-1,1.0,0,0.0,0.0,6090.4481,557,27752.3335,0
13,-1,1.0,0,0.0,0.0,8047.5013,562,27790.9434,0
14,-1,1.0,0,0.0,0.0,7668.7925,570,28800.1118,0
15,-1,1.0,0,0.0,0.0,10090.2137,610,32138.8802,0
16,-1,1.0,0,0.0,0.0,7776.7272,640,34723.3177,0
17,-1,1.0,0,0.0,0.0,8917.0346,647,34774.3232,0
18,-1,1.0,0,0.0,0.0,6458.4758,601,31961.8286,0
19,-1,1.0,0,0.0,0.0,5259.2773,570,29060.985,0
20,-1,1.0,0,0.0,0.0,7672.1873,549,27454.0803,0
21,-1,1.0,0,0.0,0.0,8179.3448,556,27764.7136,0
22,-1,1.0,0,0.0,0.0,9348.1595,595,31342.0261,0
23,-1,1.0,1,118.5001,27.0453,8682.9888,636,34215.5115,0
24,-1,1.0,0,0.0,0.0,7018.9388,633,34021.6438,0
25,-1,1.0,0,0.0,0.0,7744.7289,615,32543.9049,0
26,-1,1.0,0,0.0,0.0,6763.1709,577,29936.6983,0
27,-1,1.0,0,0.0,0.0,7382.4357,577,29059.1308,0
28,-1,1.0,0,0.0,0.0,7959.693,570,29202.2425,0
29,-1,1.0,0,0.0,0.0,7981.1836,592,30775.746,0
30,-1,1.0,0,0.0,0.0,8453.7551,597,31675.0336,0
31,-1,1.0,0,0.0,5.8633,8453.4113,614,33253.7404,0
32,-1,1.0,0,0.0,0.0,7517.2226,616,33124.7983,0
33,2,5.4113,3,47.6472,79.3131,11514.1356,637,35552.7065,0
34,-1,1.0,3,22.5366,28.3717,6597.5884,617,34017.0243,0
35,-1,1.0,2,10.2447,3.7294,6590.8729,599,32182.9702,0
36,-1,1.0,4,13.8576,24.7937,7876.021,593,32591.2281,0
37,-1,1.0,1,14.0093,3.3416,7199.4693,611,33145.8923,0
38,-1,1.0,0,0.0,0.0,9346.4245,598,30831.2901,0
39,-1,1.0,0,0.0,0.0,8052.219,604,31819.13,0
40,-1,1.0,1,8.0699,44.4175,7369.0574,603,32209.1321,1
41,-1,1.0,0,0.0,9.8675,7028.8861,609,32144.0349,1
42,-1,1.0,0,0.0,0.0,7474.1539,589,30434.0621,1
43,-1,1.0,0,0.0,0.0,8170.6025,590,29953.3801,1
44,-1,1.0,0,0.0,0.0,8180.1915,580,29710.0893,1
45,-1,1.0,0,0.0,1.4964,7090.1206,622,31787.5399,0
46,-1,1.0,0,0.0,13.9788,7423.5128,624,33006.0847,0
47,-1,1.0,1,4.2328,9.1543,8082.5451,651,34442.7292,0
48,-1,1.0,0,0.0,26.3198,7461.3347,623,32353.6634,0
49,-1,1.0,0,0.0,19.3318,9091.8336,650,33728.7541,0
50,-1,1.0,0,0.0,4.0628,6910.2782,636,32777.8785,0
51,-1,1.0,0,0.0,17.1261,6934.8794,623,32360.2992,0
52,-1,1.0,0,0.0,0.0,8431.0449,611,31139.1685,0
53,-1,1.0,0,0.0,0.0,8297.8123,608,31416.1273,1
54,-1,1.0,0,0.0,0.0,7205.6617,602,31592.2702,1
55,-1,1.0,0,0.0,0.0,7061.9252,607,31260.238,1
56,-1,1.0,0,0.0,0.0,7429.8759,594,30724.3425,1
57,-1,1.0,0,0.0,0.0,9724.3729,613,32278.3791,0
58,-1,1.0,0,0.0,0.0,7173.9356,617,32448.8115,0
59,-1,1.0,0,0.0,2.4299,7358.0897,628,32771.0289,0
60,-1,1.0,0,0.0,15.2657,7373.1157,614,31758.5803,0
61,-1,1.0,0,0.0,0.0,7728.4412,601,31363.2728,0
62,-1,1.0,0,0.0,5.5371,7725.1145,616,32148.6473,0
63,-1,1.0,0,0.0,0.0,7290.8127,603,31201.4959,0
64,-1,1.0,0,0.0,3.9453,9376.4003,624,32703.4831,0
65,-1,1.0,0,0.0,7.8219,6880.3842,597,31520.4731,0
66,-1,1.0,0,0.0,0.0,7794.8742,616,32542.1476,0
67,-1,1.0,0,0.0,0.0,7884.5573,593,30927.3148,0
68,-1,1.0,0,0.0,0.0,8269.9185,608,31784.4046,0
69,-1,1.0,0,0.0,0.0,6957.5789,596,30578.4553,0
70,-1,1.0,0,0.0,0.0,6634.9968,594,30280.3989,0
71,-1,1.0,0,0.0,0.0,7936.1829,589,30068.8508,0
72,-1,1.0,0,0.0,0.0,9021.5987,608,31228.8546,0
73,-1,1.0,0,0.0,0.0,8363.0917,603,32107.4835,0
74,-1,1.0,0,0.0,0.0,7008.8661,607,32502.8148,0
75,-1,1.0,0,0.0,0.0,7181.9891,588,30314.2203,0
76,-1,1.0,0,0.0,0.0,7462.8074,587,29984.2459,0
77,-1,1.0,0,0.0,0.0,7367.1484,579,29476.1177,0
78,-1,1.0,0,0.0,0.0,8522.7673,600,31186.0319,0
79,-1,1.0,0,0.0,0.0,7440.2046,586,30444.2774,0
80,-1,1.0,0,0.0,0.0,7853.493,600,31421.6763,1
81,-1,1.0,0,0.0,0.0,8505.7879,608,32463.7479,1
82,-1,1.0,0,0.0,0.0,6694.2431,605,31319.9312,1
83,-1,1.0,0,0.0,0.0,7830.0283,584,30559.401,1
84,-1,1.0,0,0.0,0.0,6911.0526,576,29498.2802,1
85,-1,1.0,0,0.0,0.0,7787.3874,592,30700.6852,0
86,-1,1.0,0,0.0,0.0,8414.8195,623,32309.8874,0
87,-1,1.0,0,0.0,0.0,8353.4144,629,33023.2528,1
88,-1,1.0,0,0.0,0.0,7089.6434,624,32712.8731,1
89,-1,1.0,0,0.0,3.7665,7308.3395,615,32233.5521,1
90,-1,1.0,0,0.0,0.0,7463.9769,618,32095.9372,1
91,-1,1.0,0,0.0,8.9129,8476.3756,661,35080.7889,0
92,-1,1.0,0,0.0,12.0246,7525.2894,727,38714.8353,0
93,-1,1.0,0,0.0,0.7157,7561.7747,782,41125.2824,1
94,-1,1.0,1,3.3206,24.4057,8102.6313,827,43393.5266,1
95,-1,1.0,0,0.0,29.9769,7846.7393,812,41876.5177,1
96,-1,1.0,0,0.0,56.5235,7240.0923,781,40174.0738,1
97,-1,1.0,0,0.0,29.7101,7898.7226,750,38575.1884,0
98,-1,1.0,0,0.0,9.2018,8032.0659,756,38637.0033,0
99,-1,1.0,0,0.0,31.143,7210.634,722,37264.5276,0
100,-1,1.0,0,0.0,0.0,7263.7794,696,35849.7824,0
101,-1,1.0,0,0.0,15.8442,8062.7149,687,35505.8567,0
102,-1,1.0,1,6.2306,23.7452,7807.5483,662,34000.3955,0
103,-1,1.0,0,0.0,21.686,7935.9909,648,32982.6231,0
104,-1,1.0,0,0.0,0.0,7175.1292,625,32205.8818,1
105,-1,1.0,1,10.878,45.1585,7998.2032,624,31554.3229,1
106,-1,1.0,0,0.0,11.3479,7856.7441,586,30745.9993,1
107,-1,1.0,0,0.0,0.0,7976.8625,596,31264.5363,1
108,-1,1.0,0,0.0,2.5872,7788.9749,612,32249.1892,1
109,-1,1.0,0,0.0,0.0,7413.3193,617,31967.7646,1
110,-1,1.0,0,0.0,0.0,7381.2053,605,31630.0924,1
111,-1,1.0,0,0.0,13.7446,8063.0152,620,32204.7944,1
112,-1,1.0,0,0.0,0.0,7615.5433,605,32220.3172,1
113,-1,1.0,0,0.0,0.0,8168.212,626,32763.9193,1
114,-1,1.0,0,0.0,26.4212,8199.2505,639,34261.207,1
115,-1,1.0,1,0.0,23.878,7136.8362,634,32735.2755,1
116,-1,1.0,0,0.0,16.3927,7523.9207,611,31938.3052,0
117,-1,1.0,0,0.0,0.0,7186.9804,623,31894.1363,1
118,-1,1.0,0,0.0,5.7269,8665.4474,624,32783.9324,1
119,-1,1.0,0,0.0,10.7183,7857.1515,648,33645.3865,1
120,-1,1.0,0,0.0,0.0,7805.487,628,32976.5036,1
121,-1,1.0,0,0.0,5.6903,7129.5041,633,32905.2672,0
122,-1,1.0,0,0.0,0.0,8578.685,664,35389.1427,0
123,-1,1.0,0,0.0,7.3904,7728.0449,689,36738.647,0
124,-1,1.0,0,0.0,5.3336,7806.043,703,37223.5289,0
125,-1,1.0,0,0.0,30.7317,7674.0578,700,35842.7838,0
126,-1,1.0,0,0.0,0.7295,6337.657,656,33522.709,1
127,-1,1.0,0,0.0,0.9619,7700.3123,629,31871.974,1
128,-1,1.0,0,0.0,2.5733,9354.6447,633,32794.7512,1
129,-1,1.0,0,0.0,11.7208,8161.7562,646,33888.4781,1
130,-1,1.0,0,0.0,0.0,6619.7987,617,32815.779,2
131,-1,1.0,0,0.0,0.0,8335.3905,622,32997.0498,2
132,-1,1.0,0,0.0,0.0,6888.4346,611,32038.9989,1
133,-1,1.0,0,0.0,0.7002,7966.078,624,32605.4119,2
134,-1,1.0,0,0.0,6.6188,7629.1665,620,32797.8197,1
135,-1,1.0,0,0.0,0.0,6952.0715,633,33166.5543,1
136,-1,1.0,0,0.0,0.0,9330.4187,691,36755.4776,1
137,-1,1.0,0,0.0,9.9028,7799.3544,715,37637.7766,0
138,-1,1.0,0,0.0,8.2211,6949.0905,684,35393.3281,0
139,-1,1.0,1,5.3543,30.1189,7267.72,673,34286.7091,0
140,-1,1.0,0,0.0,8.3279,7306.3871,627,31489.3994,0
141,-1,1.0,0,0.0,0.0,9248.9937,638,32835.3077,0
142,-1,1.0,0,0.0,0.0,7024.1549,637,32963.573,0
143,-1,1.0,0,0.0,29.5591,7667.8978,625,32334.7751,0
144,-1,1.0,0,0.0,9.2162,8402.9983,596,31566.5274,0
145,-1,1.0,0,0.0,0.0,7864.0745,594,31008.4016,0
146,-1,1.0,0,0.0,0.0,6227.183,592,30702.8465,0
147,-1,1.0,0,0.0,0.0,8140.8034,598,31015.0836,0
148,-1,1.0,0,0.0,0.0,7402.538,580,29216.0433,0
149,-1,1.0,0,0.0,0.0,7950.5489,587,30140.6112,0
150,-1,1.0,0,0.0,0.0,7854.2903,590,30927.5613,0
151,-1,1.0,0,0.0,0.0,7945.1931,606,31905.4057,0
152,-1,1.0,0,0.0,0.0,8360.0371,605,32007.4375,0
153,-1,1.0,0,0.0,0.0,6404.7383,595,30853.4455,0
154,-1,1.0,0,0.0,0.0,7462.4453,596,30552.7379,0
155,-1,1.0,0,0.0,0.0,8264.0848,592,30277.304,0
156,-1,1.0,0,0.0,0.0,7953.5924,587,30402.7676,0
157,-1,1.0,0,0.0,0.0,7124.24,591,30427.5648,0
158,-1,1.0,0,0.0,0.0,6658.6732,576,30143.539,0
159,-1,1.0,1,89.9534,30.9091,9402.9407,601,31504.4891,0
160,-1,1.0,0,0.0,0.0,8889.586,615,32209.287,0
161,-1,1.0,0,0.0,0.0,6927.0118,616,32254.8403,0
162,-1,1.0,0,0.0,0.0,5914.4524,588,31059.1839,0
163,-1,1.0,0,0.0,8.9058,8545.2232,588,30053.9602,0
164,-1,1.0,0,0.0,0.0,8848.763,584,30318.1713,0
165,-1,1.0,0,0.0,0.0,7539.9506,605,31507.0706,0
166,-1,1.0,0,0.0,0.0,7345.7067,595,31833.8028,0
167,-1,1.0,0,0.0,0.0,8380.0756,612,32033.7452,0
168,-1,1.0,0,0.0,0.0,7355.1376,590,30899.6025,0
169,-1,1.0,0,0.0,0.0,7475.2942,608,31199.0094,0
170,-1,1.0,0,0.0,0.0,8272.9669,592,30948.8425,0
171,-1,1.0,0,0.0,0.0,7519.315,599,30463.3551,0
172,-1,1.0,0,0.0,0.0,7045.3178,583,30925.1096,0
173,-1,1.0,0,0.0,0.0,8960.68,607,31848.9545,0
174,-1,1.0,0,0.0,0.0,7363.6126,583,31001.3442,0
175,-1,1.0,0,0.0,0.0,7739.9768,594,30914.338,0
176,-1,1.0,0,0.0,0.0,7162.4357,594,31376.9156,0
177,-1,1.0,0,0.0,0.0,8136.7392,606,31190.4958,0
178,-1,1.0,0,0.0,0.0,7860.3863,586,30354.2616,0
179,-1,1.0,0,0.0,0.0,7675.6725,597,30587.3402,0
180,-1,1.0,0,0.0,0.0,7685.1709,594,31465.7968,0
181,-1,1.0,0,0.0,0.0,7353.9715,597,31007.2814,0
182,-1,1.0,0,0.0,0.0,8324.3944,589,30868.2921,0
183,-1,1.0,0,0.0,0.0,7690.0831,611,31660.0706,0
184,-1,1.0,0,0.0,0.0,7509.4701,588,30773.0962,0
185,-1,1.0,0,0.0,0.0,7633.868,606,31607.3616,0
186,-1,1.0,0,0.0,0.0,7814.1776,578,30358.5861,0
187,-1,1.0,0,0.0,0.0,7691.0272,592,30605.7033,0
188,-1,1.0,0,0.0,0.0,8255.3153,603,31640.3822,0
189,-1,1.0,0,0.0,0.0,7613.7697,600,31195.2991,0
190,-1,1.0,0,0.0,0.0,7323.0269,596,31431.2866,0
191,-1,1.0,0,0.0,0.0,7647.0307,600,31270.3262,0
192,-1,1.0,0,0.0,0.0,7629.1533,586,30379.8576,0
193,-1,1.0,0,0.0,0.0,8739.8164,601,31080.4518,0
194,-1,1.0,0,0.0,0.0,7034.3025,591,30901.0486,0
195,-1,1.0,0,0.0,0.0,6951.431,597,31020.1148,0
196,-1,1.0,0,0.0,0.0,7974.0583,581,30313.6117,0
197,-1,1.0,0,0.0,0.0,9004.0229,607,31639.3186,0
198,-1,1.0,0,0.0,0.0,7077.4665,594,30897.9496,0
199,-1,1.0,0,0.0,0.0,6829.721,595,30816.8901,0
200,-1,1.0,0,0.0,0.0,8135.5894,598,31293.1943,1
201,-1,1.0,0,0.0,0.0,8373.9535,586,30311.3352,1
202,-1,1.0,0,0.0,0.0,6465.7847,581,29926.078,1
203,-1,1.0,0,0.0,0.0,8358.4157,594,31422.0509,1
204,-1,1.0,0,0.0,0.0,7404.8791,597,30795.0522,1
205,-1,1.0,0,0.0,0.0,8117.5224,590,30845.4907,0
206,-1,1.0,0,0.0,0.0,7571.6665,612,31925.3942,0
207,-1,1.0,0,0.0,0.0,7869.8174,614,32047.4018,0
208,-1,1.0,0,0.0,0.0,8042.7398,627,32427.502,0
209,-1,1.0,0,0.0,0.7428,7497.1278,614,31457.4358,0
210,-1,1.0,0,0.0,15.6004,7673.6459,619,31771.0468,0
211,-1,1.0,0,0.0,14.2028,7923.848,611,31787.5158,0
212,-1,1.0,0,0.0,0.0,7068.1269,602,30926.7863,0
213,-1,1.0,0,0.0,0.0,8824.8472,594,31194.8112,0
214,-1,1.0,0,0.0,0.0,7019.6542,608,31707.2406,0
215,-1,1.0,0,0.0,0.0,8341.2494,598,31817.818,0
216,-1,1.0,0,0.0,0.0,7598.064,603,31840.0342,0
217,-1,1.0,0,0.0,0.0,7290.3113,582,30368.4425,0
218,-1,1.0,0,0.0,0.0,8556.326,604,31580.9918,0
219,-1,1.0,0,0.0,0.0,6950.1151,587,30056.23,0
220,-1,1.0,0,0.0,0.0,7468.5867,598,30775.4216,0
221,-1,1.0,0,0.0,0.0,7894.0738,590,30587.3861,0
222,-1,1.0,0,0.0,0.0,8350.5546,612,31983.3664,0
223,-1,1.0,0,0.0,0.0,8242.6715,598,31747.8134,0
224,-1,1.0,0,0.0,0.0,6929.1012,601,31391.9384,0
225,-1,1.0,0,0.0,0.0,5986.4156,568,28979.9143,0
226,-1,1.0,0,0.0,6.1134,9633.0734,602,31082.274,0
227,-1,1.0,0,0.0,15.6898,7420.4631,587,30310.9071,0
228,-1,1.0,0,0.0,0.0,7644.5672,594,31124.7777,0
229,-1,1.0,0,0.0,0.0,6900.5384,585,30771.3331,0
230,-1,1.0,0,0.0,0.0,7829.4406,596,30658.2329,0
231,-1,1.0,0,0.0,0.0,8750.6332,596,31107.4716,0
232,-1,1.0,0,0.0,0.0,6492.6676,586,30479.2602,0
233,-1,1.0,0,0.0,0.0,7321.213,583,30299.5239,0
234,-1,1.0,0,0.0,0.0,9471.6712,597,31156.4223,0
235,-1,1.0,0,0.0,0.0,7770.3051,616,31877.223,0
236,-1,1.0,0,0.0,0.0,7534.3365,619,32272.6663,0
237,-1,1.0,0,0.0,0.0,6426.1135,595,30995.5103,0
238,-1,1.0,0,0.0,0.0,7711.1985,577,29242.0167,0
239,-1,1.0,0,0.0,0.0,8037.0595,580,29481.801,0
240,-1,1.0,0,0.0,0.0,8022.6709,606,31129.189,0
241,-1,1.0,0,0.0,0.0,8441.1199,616,32205.386,0
242,-1,1.0,0,0.0,0.0,7566.9294,610,31811.7947,1
243,-1,1.0,0,0.0,0.0,6647.7901,595,30970.8208,1
244,-1,1.0,0,0.0,0.0,7636.1772,580,29755.9992,1
245,-1,1.0,0,0.0,0.0,8132.2391,587,30527.2997,1
246,-1,1.0,0,0.0,0.0,8377.3292,604,31804.1524,1
247,-1,1.0,0,0.0,0.0,7045.9417,609,32360.4204,1
248,-1,1.0,0,0.0,0.0,7661.0915,612,31785.5382,0
249,-1,1.0,0,0.0,0.0,8000.907,610,31642.0722,0
250,-1,1.0,0,0.0,0.0,8280.7578,625,33125.1324,0
251,-1,1.0,0,0.0,0.0,7201.0136,626,32567.0893,0
252,-1,1.0,0,0.0,0.0,7059.3154,617,31655.1111,0
253,-1,1.0,0,0.0,3.4976,8493.6948,614,31891.18,0
254,-1,1.0,0,0.0,4.3398,8320.3244,599,31281.0094,0
255,-1,1.0,0,0.0,0.0,6824.135,587,30824.737,1
256,-1,1.0,0,0.0,0.0,7482.7943,602,31029.2877,1
257,-1,1.0,0,0.0,0.0,7231.0042,598,30537.7663,1
258,-1,1.0,0,0.0,0.0,8375.9684,598,30673.6508,1
259,-1,1.0,0,0.0,0.0,7810.0476,595,30652.5812,0
260,-1,1.0,0,0.0,0.0,7349.875,602,30979.1159,0
261,-1,1.0,0,0.0,0.0,7550.2777,600,31248.3046,0
262,-1,1.0,0,0.0,0.0,7524.1073,602,30866.2089,0
263,-1,1.0,0,0.0,0.0,8192.1982,601,31389.8106,0
264,-1,1.0,0,0.0,0.0,8386.3035,621,32274.2626,0
265,-1,1.0,0,0.0,0.0,6573.6703,595,30734.202,0
266,-1,1.0,0,0.0,0.0,7677.6042,591,30560.7679,0
267,-1,1.0,0,0.0,0.0,7221.1149,578,30033.9303,0
268,-1,1.0,0,0.0,0.0,10072.3125,611,32227.7493,0
269,-1,1.0,0,0.0,0.0,6878.4652,606,31977.8075,0
270,-1,1.0,0,0.0,7.5123,7218.5611,600,31434.2496,1
271,-1,1.0,0,0.0,0.0,7508.0247,586,30314.8699,1
272,-1,1.0,0,0.0,0.0,7257.2014,580,29899.1299,1
273,-1,1.0,0,0.0,0.0,8113.1997,610,31701.3799,1
274,-1,1.0,0,0.0,0.0,7774.3534,649,34531.6309,0
275,-1,1.0,0,0.0,0.0,9248.8166,729,39275.5064,0
276,-1,1.0,0,0.0,0.0,5775.3386,763,40866.4396,0
277,-1,1.0,0,0.0,4.8548,7664.0058,800,42724.3507,0
278,-1,1.0,0,0.0,24.2691,8663.6068,801,41879.4334,0
279,-1,1.0,1,17.3059,45.5952,7928.6538,781,40062.938,0
280,-1,1.0,2,5.4902,67.845,6340.116,738,37646.7111,0
281,-1,1.0,0,0.0,32.7011,7788.6369,709,35909.4633,0
282,-1,1.0,0,0.0,42.1371,9311.0399,679,34964.3038,0
283,-1,1.0,0,0.0,0.0,6803.067,617,31922.6949,0
284,-1,1.0,0,0.0,0.0,8328.7645,634,32945.6084,0
285,-1,1.0,0,0.0,0.0,6782.9185,616,31734.7704,0
286,-1,1.0,0,0.0,35.4763,8570.6998,603,31412.6623,0
287,-1,1.0,0,0.0,14.0488,7541.6393,601,31418.2336,0
288,-1,1.0,0,0.0,0.0,6833.2848,598,30831.0743,0
289,-1,1.0,0,0.0,0.0,8169.9979,584,30099.6165,0
290,-1,1.0,0,0.0,0.0,7724.6588,582,30166.62,0
291,-1,1.0,0,0.0,0.0,8147.6939,601,31883.7718,1
292,-1,1.0,0,0.0,0.0,8055.6894,602,32107.853,1
293,-1,1.0,0,0.0,0.0,8156.9679,613,31890.8273,1
294,-1,1.0,0,0.0,0.0,6299.673,576,29692.1939,1
295,1,2.1666,0,0.0,0.0,9038.7058,630,32609.3446,1
296,-1,1.0,0,0.0,0.0,7023.7526,609,31325.3417,1
297,-1,1.0,0,0.0,0.0,8542.8575,644,33436.5697,0
298,-1,1.0,1,5.4594,4.229,7993.412,621,32643.29,0
299,-1,1.0,0,0.0,0.0,8530.9145,636,33501.2353,0
300,-1,1.0,0,0.0,27.7738,6211.522,611,32090.882,0
301,-1,1.0,0,0.0,5.8631,7664.9858,617,31984.1005,0
302,1,2.1759,0,0.0,12.5476,10259.0523,649,33611.8976,0
303,-1,1.0,0,0.0,0.0,6360.9117,617,31561.9779,0
304,-1,1.0,1,11.3269,32.819,7004.6135,598,31298.2951,0
305,-1,1.0,0,0.0,0.0,7703.2237,614,32191.7821,0
306,-1,1.0,0,0.0,0.0,9676.9702,591,31220.7635,0
307,-1,1.0,0,0.0,6.3819,7901.9185,612,31876.7759,0
308,-1,1.0,1,2.8383,16.4678,6470.8343,597,31301.5341,0
309,-1,1.0,1,8.9679,1.8244,7880.6592,617,32040.28,0
310,-1,1.0,0,0.0,0.0,7435.9835,582,30096.8085,0
311,-1,1.0,0,0.0,0.0,7102.8428,578,29277.8273,0
312,-1,1.0,0,0.0,3.6128,7619.8833,571,29116.5365,0
313,-1,1.0,0,0.0,8.4182,9002.4261,606,31978.0669,0
314,-1,1.0,0,0.0,0.0,8823.1006,620,33228.4198,0
315,-1,1.0,0,0.0,0.0,6318.8816,596,31417.5017,0
316,-1,1.0,0,0.0,0.0,7380.7957,593,30731.553,0
317,-1,1.0,0,0.0,0.0,7512.5077,582,29933.0816,0
318,-1,1.0,0,0.0,0.0,7425.3508,573,29219.7706,0
319,-1,1.0,0,0.0,0.0,8879.2108,598,31421.063,0
320,-1,1.0,0,0.0,0.0,6897.4656,599,31272.0659,0
321,-1,1.0,0,0.0,0.0,8567.3863,604,31711.9321,0
322,-1,1.0,0,0.0,0.0,7974.5494,600,31617.1229,0
323,-1,1.0,0,0.0,0.0,7376.2143,598,31171.909,0
324,-1,1.0,0,0.0,0.0,7709.2034,603,31501.1329,0
325,-1,1.0,0,0.0,0.0,6947.5963,597,31088.1277,0
326,-1,1.0,0,0.0,0.0,8139.1838,573,29462.784,0
327,-1,1.0,0,0.0,0.0,8003.1307,589,30598.9605,0
328,-1,1.0,0,0.0,0.0,7458.5823,604,31277.7102,0
329,-1,1.0,0,0.0,0.0,8651.5648,615,32195.7856,0
330,-1,1.0,0,0.0,0.0,8134.5875,619,32751.6807,0
331,-1,1.0,0,0.0,0.0,7025.0526,596,30468.8974,0
332,-1,1.0,0,0.0,0.0,7423.9232,590,30726.5091,0
333,-1,1.0,0,0.0,0.0,7128.8084,587,30281.2257,0
334,-1,1.0,0,0.0,0.0,8337.2954,582,30362.3102,0
335,-1,1.0,0,0.0,0.0,8048.1793,601,31288.483,0
336,-1,1.0,0,0.0,0.0,7809.0608,601,31417.5772,0
337,-1,1.0,0,0.0,0.0,8004.4497,617,32547.3513,0
338,-1,1.0,0,0.0,0.0,7393.6831,591,30858.7671,0
339,-1,1.0,0,0.0,0.0,6880.5472,583,30079.4778,0
340,-1,1.0,0,0.0,0.0,8285.1684,594,30365.7658,0
341,-1,1.0,0,0.0,0.0,7809.8227,595,30306.6781,0
342,-1,1.0,0,0.0,0.0,7303.2626,599,30707.4611,0
343,-1,1.0,0,0.0,0.0,6941.0381,586,30395.2923,0
344,-1,1.0,0,0.0,0.0,9349.1369,606,31396.8356,0
345,-1,1.0,0,0.0,0.0,7807.2692,609,31943.584,0
346,-1,1.0,0,0.0,0.0,7577.7118,608,31793.0275,0
347,-1,1.0,0,0.0,0.0,6897.1198,594,30883.3732,0
348,-1,1.0,0,0.0,0.0,7224.5394,586,29749.9045,0
349,-1,1.0,0,0.0,0.0,8645.5909,583,30312.2509,0
350,-1,1.0,0,0.0,0.0,7218.6768,593,30412.0164,0
351,-1,1.0,0,0.0,0.0,7927.8992,610,31949.1749,0
352,-1,1.0,0,0.0,0.0,8316.5663,610,31473.486,0
353,-1,1.0,0,0.0,0.0,6693.7574,600,31045.18,0
354,-1,1.0,0,0.0,0.0,8365.4202,590,30554.0209,0
355,-1,1.0,0,0.0,0.0,7182.4263,588,30914.1659,0
356,-1,1.0,0,0.0,0.0,7812.2249,588,30234.0849,0
357,-1,1.0,0,0.0,0.0,8364.1327,591,31147.8213,1
358,-1,1.0,0,0.0,0.0,7315.509,599,31286.973,1
359,-1,1.0,0,0.0,0.0,7058.7302,596,30645.2496,1
360,-1,1.0,0,0.0,0.0,7704.0212,611,31587.204,1
361,-1,1.0,0,0.0,12.8356,8699.0781,645,34510.4619,0
362,-1,1.0,0,0.0,4.0415,7739.8096,717,38095.8922,0
363,-1,1.0,0,0.0,0.5953,7427.9953,785,41794.5562,0
364,-1,1.0,0,0.0,39.5816,7520.187,812,42252.4826,0
365,-1,1.0,0,0.0,19.8561,6974.0367,795,40448.9966,0
366,-1,1.0,2,12.9448,58.2305,8418.1263,795,40878.999,0
367,-1,1.0,1,0.8226,18.6881,7384.7321,723,36869.6771,0
368,-1,1.0,0,0.0,6.7148,8144.1598,710,35839.9934,0
369,-1,1.0,0,0.0,6.3964,7693.0142,658,33884.9304,0
370,-1,1.0,0,0.0,0.0,8008.3808,632,33127.2055,0
371,-1,1.0,1,30.9331,9.9964,7564.6899,614,32377.7226,0
372,-1,1.0,0,0.0,0.0,7875.4533,601,31380.051,0
373,-1,1.0,0,0.0,0.0,7031.7993,589,30485.6845,1
374,-1,1.0,0,0.0,0.0,7495.4829,588,30124.3402,1
375,-1,1.0,0,0.0,4.2654,7806.4225,598,31145.927,1
376,-1,1.0,0,0.0,0.0,8699.4242,608,31545.6682,1
377,-1,1.0,0,0.0,0.0,8077.6301,616,32093.0678,0
378,-1,1.0,0,0.0,0.0,8309.4353,644,34450.0953,0
379,-1,1.0,0,0.0,0.0,6773.8507,637,33401.8101,0
380,-1,1.0,0,0.0,8.8001,7074.8475,625,32211.1899,0
381,-1,1.0,0,0.0,27.4217,6956.1992,610,30375.2776,0
382,-1,1.0,0,0.0,0.0,8765.3807,627,31758.5754,0
383,-1,1.0,0,0.0,1.5666,7860.0244,621,31928.8307,0
384,-1,1.0,1,16.5478,15.085,8192.7014,625,32999.4808,0
385,-1,1.0,0,0.0,3.4524,8259.0865,611,32635.3515,0
386,-1,1.0,0,0.0,0.0,8097.5137,625,32754.7913,0
387,-1,1.0,0,0.0,0.0,6635.7611,590,31103.7012,0
388,-1,1.0,0,0.0,0.0,7192.0224,595,30703.6921,0
389,-1,1.0,0,0.0,0.0,6930.7688,566,28553.9904,0
390,-1,1.0,0,0.0,0.0,8903.4085,601,30495.735,1
391,-1,1.0,0,0.0,0.0,8183.4239,600,31316.2848,1
392,-1,1.0,0,0.0,0.0,8048.742,614,32617.768,1
393,-1,1.0,0,0.0,0.0,7579.4809,609,32400.581,1
394,-1,1.0,0,0.0,0.0,7376.6221,610,31562.8031,0
395,-1,1.0,0,0.0,0.0,7491.5906,611,31796.2239,0
396,-1,1.0,0,0.0,0.0,7286.8439,629,32018.6973,0
397,-1,1.0,0,0.0,0.0,8287.9042,638,32693.0033,0
398,-1,1.0,0,0.0,0.0,7976.7846,640,32712.4332,0
399,-1,1.0,0,0.0,4.9981,7494.2293,624,32623.8913,0
400,-1,1.0,0,0.0,17.9197,7887.0471,633,33135.5868,0
401,-1,1.0,0,0.0,0.0,8270.9867,631,33032.5152,0
402,-1,1.0,0,0.0,0.0,6485.9595,592,30435.4215,1
403,-1,1.0,0,0.0,0.0,7781.4615,596,30634.829,1
404,-1,1.0,0,0.0,0.0,7587.4419,576,29200.4688,1
405,-1,1.0,0,0.0,0.0,8239.8767,615,31864.7963,1
406,-1,1.0,0,0.0,0.0,7695.1181,624,32770.2033,0
407,-1,1.0,0,0.0,0.0,8694.7341,657,35537.6098,0
408,-1,1.0,0,0.0,0.0,7646.6662,676,35731.7211,0
409,-1,1.0,0,0.0,1.885,7007.2506,683,35571.4852,0
410,-1,1.0,0,0.0,12.5818,7014.8931,673,34632.2305,0
411,-1,1.0,0,0.0,7.2136,8457.9825,659,33708.795,0
412,5,2.8952,0,0.0,12.9767,9352.1121,649,33897.8124,0
413,-1,1.0,0,0.0,0.1555,8691.7172,655,34406.1543,0
414,-1,1.0,0,0.0,0.0,6906.7673,635,33838.236,0
415,-1,1.0,0,0.0,0.0,8092.0525,613,32261.6435,0
416,-1,1.0,0,0.0,0.0,5952.3918,595,30297.3041,1
417,-1,1.0,0,0.0,0.0,8365.6837,580,29437.0725,1
418,-1,1.0,0,0.0,0.0,8132.8596,586,29679.2975,1
419,-1,1.0,0,0.0,9.5058,7570.3515,604,31267.5917,1
420,-1,1.0,0,0.0,0.0,7725.3528,601,31780.4401,0
421,-1,1.0,0,0.0,0.0,8328.3352,617,32519.4488,0
422,-1,1.0,0,0.0,0.0,7782.9621,634,33369.6975,1
423,-1,1.0,0,0.0,7.4106,7132.2559,635,32784.8258,1
424,-1,1.0,0,0.0,0.0,7642.6373,646,32957.3134,1
425,-1,1.0,0,0.0,9.3556,7459.5291,642,32701.4395,1
426,-1,1.0,0,0.0,12.5476,7711.101,640,32093.154,1
427,-1,1.0,1,0.4494,13.184,7797.6143,646,33432.6314,1
428,-1,1.0,0,0.0,17.0211,8406.8909,676,35186.3442,0
429,-1,1.0,0,0.0,32.9861,8397.6276,711,37799.4215,0
430,-1,1.0,0,0.0,24.7079,7373.8295,717,37282.4252,0
431,-1,1.0,0,0.0,30.9341,6674.7837,695,35654.4983,0
432,-1,1.0,0,0.0,17.993,7948.8663,675,35066.2502,0
433,-1,1.0,0,0.0,12.5814,8003.1704,669,34251.2789,0
434,-1,1.0,0,0.0,12.4722,7378.3135,636,32354.8067,0
435,-1,1.0,0,0.0,0.0,8250.444,623,31855.5279,0
436,-1,1.0,0,0.0,0.0,7805.231,615,31908.6948,0
437,-1,1.0,0,0.0,0.0,8295.7362,615,32419.5611,0
438,-1,1.0,0,0.0,0.0,7687.9123,612,32198.5368,0
439,-1,1.0,0,0.0,0.0,7682.7909,604,31599.1576,0
440,-1,1.0,0,0.0,0.0,6260.9997,582,30216.3486,0
441,-1,1.0,0,0.0,0.0,7779.6739,577,29433.8361,0
442,-1,1.0,0,0.0,0.0,7686.9303,578,29533.7374,0
443,-1,1.0,0,0.0,0.0,8620.4505,599,30682.0471,0
444,-1,1.0,0,0.0,0.0,7782.3215,608,31826.2375,0
445,-1,1.0,0,0.0,0.0,8147.2238,610,32274.0556,0
446,-1,1.0,0,0.0,0.0,7633.6542,606,32153.4516,0
447,-1,1.0,0,0.0,0.0,7081.4296,595,30980.7384,0
448,-1,1.0,0,0.0,0.0,6788.9485,584,29712.2814,0
449,-1,1.0,0,0.0,0.0,8224.1106,579,29401.6762,0
450,-1,1.0,0,0.0,0.0,8343.5276,587,30624.7677,0
451,-1,1.0,0,0.0,0.0,7792.5019,603,31507.3385,0
452,-1,1.0,0,0.0,0.0,7933.0002,622,32616.8768,0
453,-1,1.0,0,0.0,0.0,7717.0962,608,31832.8851,0
454,-1,1.0,0,0.0,0.0,7042.5985,591,30939.0995,0
455,-1,1.0,0,0.0,0.0,7450.9703,564,29105.3425,0
456,-1,1.0,0,0.0,7.5023,8619.9855,598,31198.8609,0
457,-1,1.0,0,0.0,0.0,8491.6925,613,32413.9412,0
458,-1,1.0,0,0.0,0.0,7501.2074,616,32428.9547,0
459,-1,1.0,0,0.0,0.0,7314.7048,604,30858.5611,0
460,-1,1.0,0,0.0,0.0,6872.3752,589,30330.3705,0
461,-1,1.0,0,0.0,0.0,7543.126,590,29686.6529,0
462,-1,1.0,0,0.0,0.0,8589.5643,599,31172.649,0
463,-1,1.0,0,0.0,0.0,8698.739,609,31784.1873,0
464,-1,1.0,0,0.0,0.0,6925.1458,591,31355.514,0
465,-1,1.0,0,0.0,0.0,6674.2126,605,31211.3335,0
466,-1,1.0,0,0.0,0.0,8893.9315,593,30783.7377,0
467,-1,1.0,0,0.0,0.0,7820.5239,599,30760.3394,0
468,-1,1.0,0,0.0,0.0,6484.0609,581,29875.1865,0
469,-1,1.0,0,0.0,0.0,8329.3537,605,31468.1966,0
470,-1,1.0,0,0.0,0.0,8059.2241,594,31096.256,0
471,3,2.4392,0,0.0,0.0,8418.3899,608,31380.3998,0
472,-1,1.0,0,0.0,0.0,7332.9964,610,32085.8111,0
473,-1,1.0,0,0.0,0.0,8357.1986,624,32453.7403,0
474,-1,1.0,0,0.0,0.0,8356.4606,614,32973.5725,0
475,-1,1.0,0,0.0,0.0,7160.4939,622,32573.0283,0
476,-1,1.0,0,0.0,0.0,6970.9149,573,29960.0929,0
477,-1,1.0,0,0.0,0.0,7596.7119,580,29638.3725,0
478,-1,1.0,0,0.0,0.0,7578.6427,577,29667.3262,0
479,-1,1.0,0,0.0,0.0,7943.993,607,31333.2857,0
480,-1,1.0,0,0.0,0.0,8615.4966,606,31720.8447,0
481,-1,1.0,0,0.0,0.0,7251.5518,604,31295.7028,0
482,-1,1.0,0,0.0,0.0,7689.589,589,30982.8355,0
483,-1,1.0,0,0.0,0.0,6607.2099,588,30302.666,1
484,-1,1.0,0,0.0,0.0,8349.1288,592,30370.6379,1
485,-1,1.0,0,0.0,0.0,8634.7986,597,31206.448,1
486,-1,1.0,0,0.0,0.0,6989.697,602,31315.0854,1
487,-1,1.0,0,0.0,0.0,7616.9534,609,32015.6877,1
488,-1,1.0,0,0.0,0.0,8574.0473,615,31727.227,0
489,-1,1.0,0,0.0,0.0,7193.4046,610,31861.0114,0
490,-1,1.0,0,0.0,1.3938,7750.2342,619,32120.4786,0
491,-1,1.0,0,0.0,0.0,7450.2136,624,32847.0922,0
492,-1,1.0,0,0.0,0.0,7834.5906,622,32120.7111,0
493,-1,1.0,0,0.0,11.5986,7593.6549,602,31358.5832,0
494,-1,1.0,0,0.0,0.0,8343.9351,622,31989.8512,0
495,-1,1.0,0,0.0,0.0,7595.8013,616,32333.1414,0
496,-1,1.0,0,0.0,0.0,7869.4224,613,31790.7432,0
497,-1,1.0,0,0.0,0.0,7854.8087,610,31986.954,0
498,-1,1.0,0,0.0,0.0,7188.3422,602,31387.6973,0
499,-1,1.0,0,0.0,0.0,6977.8873,578,29769.3678,0
500,-1,1.0,0,0.0,0.0,7506.7299,575,29099.7369,0
501,-1,1.0,0,0.0,0.0,9112.5224,602,31441.5842,0
502,-1,1.0,0,0.0,0.0,8031.5104,605,31863.9824,1
503,-1,1.0,0,0.0,0.0,7858.8749,620,32843.5187,1
504,-1,1.0,0,0.0,0.0,7265.2573,607,32055.5024,1
505,-1,1.0,0,0.0,0.0,6885.0289,574,29643.082,1
506,-1,1.0,0,0.0,0.0,8328.0073,586,30382.8195,0
507,-1,1.0,0,0.0,0.0,7557.2618,596,30832.5173,0
508,-1,1.0,0,0.0,0.0,7602.6967,617,32001.8458,0
509,-1,1.0,0,0.0,0.0,8275.0019,614,32090.8959,0
510,-1,1.0,0,0.0,0.0,7955.2307,633,33076.6173,0
511,-1,1.0,0,0.0,0.0,7347.1458,601,31585.8209,0
512,-1,1.0,0,0.0,0.0,7256.4775,600,31112.629,0
513,-1,1.0,0,0.0,0.0,8276.6418,589,30587.1477,0
514,-1,1.0,0,0.0,0.0,8192.8227,616,31885.6131,0
515,-1,1.0,0,0.0,0.0,6901.8961,584,30497.5645,0
516,-1,1.0,0,0.0,0.0,7771.1106,594,30432.2334,0
517,-1,1.0,0,0.0,0.0,8086.3341,606,31687.6755,0
518,-1,1.0,0,0.0,0.0,7763.3994,600,30736.6153,0
519,-1,1.0,0,0.0,0.0,6881.1394,587,30439.4336,0
520,-1,1.0,0,0.0,0.0,8381.2047,596,31501.0196,0
521,-1,1.0,0,0.0,0.0,8168.8189,590,30688.7824,0
522,-1,1.0,0,0.0,0.0,7573.3639,590,31072.0906,0
523,-1,1.0,0,0.0,0.0,7205.2888,603,31338.9444,0
524,-1,1.0,0,0.0,1.2731,7789.8282,605,31218.8745,0
525,-1,1.0,0,0.0,0.0,8108.9698,598,31269.9662,0
526,-1,1.0,0,0.0,0.0,7594.1413,584,29981.5438,0
527,2,2.9229,0,0.0,0.0,9729.8595,625,33542.9865,0
528,-1,1.0,0,0.0,0.0,7280.5299,619,33213.7254,0
529,-1,1.0,0,0.0,0.0,8147.0928,612,32773.046,0
530,-1,1.0,0,0.0,0.0,7190.6563,603,32347.6205,0
531,-1,1.0,0,0.0,0.0,7472.8673,613,32344.2755,0
532,-1,1.0,0,0.0,0.0,8287.1621,612,31202.3245,0
533,-1,1.0,0,0.0,0.0,8518.5774,608,31564.8241,0
534,-1,1.0,0,0.0,0.0,6720.3988,588,30198.3764,0
535,-1,1.0,0,0.0,0.0,7305.4776,588,30583.2411,0
536,-1,1.0,0,0.0,0.0,7845.9192,598,31517.9969,0
537,-1,1.0,0,0.0,0.0,8516.9916,595,31094.1633,0
538,-1,1.0,0,0.0,0.0,8135.4627,605,31749.6106,0
539,-1,1.0,0,0.0,0.0,7704.7167,604,31450.1052,0
540,-1,1.0,0,0.0,0.0,7172.7246,595,31102.116,0
541,-1,1.0,0,0.0,0.0,7736.8877,602,31635.4484,0
542,-1,1.0,0,0.0,0.0,8228.9157,599,31646.6678,0
543,-1,1.0,0,0.0,0.0,8191.9561,591,31120.162,0
544,-1,1.0,0,0.0,0.0,7074.1135,575,29836.9106,0
545,-1,1.0,0,0.0,0.0,6643.5718,587,30409.5665,0
546,-1,1.0,0,0.0,0.0,7614.6964,592,30379.121,0
547,-1,1.0,0,0.0,0.0,9671.7876,603,31773.1099,1
548,-1,1.0,0,0.0,0.0,7780.0718,604,31521.5329,1
549,-1,1.0,0,0.0,0.0,6857.364,591,31085.232,1
550,-1,1.0,0,0.0,0.0,7518.6777,608,32140.3813,1
551,-1,1.0,0,0.0,0.0,7774.2752,603,31892.9685,0
552,-1,1.0,0,0.0,0.0,7882.5986,614,31980.663,0
553,-1,1.0,0,0.0,0.0,7988.3279,635,33596.6748,0
554,-1,1.0,0,0.0,0.0,7872.6233,659,34692.0834,0
555,-1,1.0,0,0.0,0.0,7006.1645,647,33415.0464,0
556,-1,1.0,0,0.0,2.4708,7773.5461,653,33614.7899,0
557,1,2.3374,0,0.0,0.0,8121.2812,639,33381.2271,0
558,-1,1.0,0,0.0,0.0,9384.3522,639,33016.8432,0
559,-1,1.0,0,0.0,0.0,6177.5706,606,31092.4329,0
560,-1,1.0,0,0.0,0.0,7699.1417,619,32063.3453,0
561,-1,1.0,0,0.0,0.0,9636.4523,627,32993.9708,0
562,-1,1.0,0,0.0,0.0,6947.2471,602,31558.5694,0
563,-1,1.0,0,0.0,0.0,7440.6222,604,31223.8001,0
564,-1,1.0,0,0.0,0.0,7020.5512,594,30310.965,0
565,-1,1.0,0,0.0,0.0,7595.7584,588,30065.2882,0
566,-1,1.0,0,0.0,0.0,8674.5951,586,30540.7141,0
567,-1,1.0,0,0.0,0.0,7353.088,596,31035.595,0
568,-1,1.0,0,0.0,0.0,8465.2755,615,32115.0078,0
569,-1,1.0,0,0.0,0.0,8653.5556,620,32867.8458,0
570,-1,1.0,0,0.0,0.0,6301.8572,602,31470.1272,0
571,-1,1.0,0,0.0,0.0,6142.7152,564,29000.49,0
572,-1,1.0,0,0.0,0.0,7706.8259,576,29101.7699,0
573,-1,1.0,0,0.0,0.0,9507.621,590,30217.5139,1
574,1,2.7716,0,0.0,0.0,9789.6685,628,32997.4774,1
575,-1,1.0,1,0.5515,0.0,6534.0237,633,33873.767,1
576,-1,1.0,0,0.0,5.5069,7539.8661,613,32383.0354,1
577,9,2.9482,0,0.0,3.9055,9429.8406,626,34269.2798,0
578,-1,1.0,0,0.0,4.7377,8970.8786,626,33422.9219,0
579,-1,1.0,0,0.0,13.6504,7464.2344,616,33459.3885,0
580,-1,1.0,0,0.0,13.0581,6735.5738,618,32367.2132,0
581,-1,1.0,0,0.0,0.0,7328.3707,596,30692.2164,0
582,-1,1.0,0,0.0,0.0,8259.1932,589,29835.6477,0
583,-1,1.0,0,0.0,0.0,7480.4736,586,29917.2954,0
584,-1,1.0,0,0.0,0.0,6883.8841,592,30438.9304,0
585,-1,1.0,0,0.0,0.0,8079.3641,604,31436.3456,0
586,-1,1.0,0,0.0,0.0,8819.0481,609,32297.5822,0
587,-1,1.0,0,0.0,0.0,7702.2107,597,32010.1507,1
588,-1,1.0,0,0.0,0.0,7050.4042,581,29803.7758,1
589,-1,1.0,0,0.0,0.0,7241.3395,584,30455.257,1
590,-1,1.0,0,0.0,0.0,8802.9399,610,31787.9524,1
591,-1,1.0,0,0.0,0.0,7137.8614,614,31790.1925,0
592,-1,1.0,0,0.0,0.0,7591.1465,610,31728.4208,0
593,-1,1.0,0,0.0,0.0,6568.5925,607,31391.7284,0
594,-1,1.0,0,0.0,14.8528,9482.4449,636,33627.0995,0
595,-1,1.0,0,0.0,0.0,7867.3421,647,33650.8495,0
596,-1,1.0,0,0.0,14.4161,7412.4701,631,32607.2719,0
597,-1,1.0,0,0.0,5.1948,7732.5165,621,32023.0305,0
598,-1,1.0,0,0.0,0.0,6677.7847,599,30375.994,0
599,-1,1.0,0,0.0,0.0,8498.3759,609,31367.9792,0
600,-1,1.0,0,0.0,0.0,7649.3207,603,31272.7917,0
601,-1,1.0,0,0.0,0.0,8946.6875,627,32770.7192,0
602,-1,1.0,0,0.0,0.0,6313.2463,588,30872.9505,0
603,-1,1.0,0,0.0,0.0,7946.1948,605,31347.4185,0
604,-1,1.0,0,0.0,0.0,7894.2428,588,30602.3473,0
605,-1,1.0,0,0.0,0.0,7943.408,589,30367.5457,0
606,-1,1.0,0,0.0,0.0,6962.8121,588,30533.1844,0
607,-1,1.0,0,0.0,0.0,7190.1142,591,30094.4241,0
608,-1,1.0,0,0.0,0.0,8228.7164,590,31072.3406,0
609,-1,1.0,0,0.0,0.0,8461.696,599,31477.4268,0
610,-1,1.0,0,0.0,0.0,7257.3546,597,31485.3751,0
611,-1,1.0,0,0.0,0.0,7985.7363,604,31562.1007,0
612,-1,1.0,0,0.0,0.0,6753.568,575,29796.2573,0
613,-1,1.0,0,0.0,0.0,8537.9437,600,31034.5531,0
614,-1,1.0,0,0.0,0.0,7294.5813,585,30783.7445,0
615,-1,1.0,0,0.0,35.7922,8616.933,605,31660.7788,0
616,-1,1.0,0,0.0,0.0,7252.599,600,31334.0955,0
617,-1,1.0,0,0.0,0.0,7251.5532,604,30883.0907,0
618,-1,1.0,0,0.0,0.0,8189.5808,605,31362.4347,0
619,-1,1.0,0,0.0,0.0,7654.5748,600,30863.5356,0
620,-1,1.0,0,0.0,0.0,7990.4947,587,30786.613,0
621,-1,1.0,0,0.0,0.0,7252.5172,590,30828.5433,0
622,-1,1.0,0,0.0,0.0,7723.9462,583,30606.0891,0
623,-1,1.0,0,0.0,0.0,7652.8421,604,31280.7542,0
624,-1,1.0,0,0.0,0.0,8496.6037,616,31888.4051,0
625,-1,1.0,0,0.0,0.0,7446.296,608,31131.588,0
626,-1,1.0,0,0.0,0.0,6831.9198,585,30236.1225,0
627,-1,1.0,0,0.0,0.0,8306.6109,597,30804.2985,0
628,-1,1.0,0,0.0,0.0,7186.883,586,30369.6417,0
629,-1,1.0,0,0.0,0.0,9885.2216,629,32769.8613,0
630,-1,1.0,0,0.0,0.0,6922.3397,604,31576.2845,0
631,-1,1.0,0,0.0,0.0,6694.9328,595,30908.7111,0
632,-1,1.0,0,0.0,0.0,7908.6784,593,30857.6895,0
633,-1,1.0,0,0.0,0.0,7721.4214,593,30403.7077,0
634,-1,1.0,0,0.0,0.0,8192.6613,597,30384.7467,0
635,-1,1.0,0,0.0,0.0,7562.5841,595,31270.2903,0
636,-1,1.0,0,0.0,0.0,6853.7627,584,30501.8439,0
637,-1,1.0,0,0.0,0.0,9083.0597,597,31451.1607,0
638,-1,1.0,0,0.0,0.0,7841.9298,611,31568.3917,0
639,-1,1.0,0,0.0,0.0,7731.5972,612,32050.9075,0
640,-1,1.0,0,0.0,0.0,6102.2033,583,29861.4789,0
641,-1,1.0,0,0.0,0.0,8176.501,597,30885.8674,0
642,-1,1.0,0,0.0,0.0,9091.6111,608,31244.5102,0
643,-1,1.0,0,0.0,0.0,7509.2724,601,31378.7977,0
644,-1,1.0,0,0.0,0.0,6681.4558,594,30851.6509,0
645,-1,1.0,0,0.0,0.0,7821.883,585,30712.2753,0
646,-1,1.0,0,0.0,0.0,8526.4594,599,31112.2294,0
647,-1,1.0,0,0.0,0.0,7156.376,592,30787.0823,0
648,-1,1.0,0,0.0,0.0,7187.3181,606,30904.4262,0
649,-1,1.0,0,0.0,0.0,8546.0894,588,30597.4954,0
650,-1,1.0,0,0.0,0.0,7774.6406,606,31186.0161,0
651,-1,1.0,0,0.0,0.0,8533.6194,607,32085.3627,0
652,-1,1.0,0,0.0,0.0,7176.4666,616,32270.2926,0
653,-1,1.0,0,0.0,0.0,6117.3267,577,29704.7389,0
654,-1,1.0,0,0.0,0.0,9935.3956,606,31270.5362,0
655,-1,1.0,0,0.0,0.0,6885.8109,595,30680.9728,0
656,-1,1.0,0,0.0,0.0,7553.3253,607,31372.6297,0
657,-1,1.0,0,0.0,0.0,7485.5887,590,30664.457,0
658,-1,1.0,0,0.0,0.0,7844.8257,588,30765.6033,0
659,-1,1.0,0,0.0,0.0,8334.9561,588,30954.7775,0
660,-1,1.0,0,0.0,0.0,7311.0322,595,31057.1263,0
661,-1,1.0,0,0.0,0.0,7956.0443,600,31583.9318,0
662,-1,1.0,0,0.0,0.0,7166.4033,592,30467.2258,0
663,-1,1.0,0,0.0,0.0,8041.1404,589,30890.2817,0
664,-1,1.0,0,0.0,0.0,6871.2207,586,30313.2922,0
665,-1,1.0,0,0.0,0.0,9386.9543,596,31315.3932,0
666,-1,1.0,0,0.0,0.0,7407.4518,621,31949.9216,0
667,-1,1.0,0,0.0,0.0,7701.9784,601,31608.9674,0
668,-1,1.0,0,0.0,0.0,6988.3746,595,30774.4447,0
669,-1,1.0,0,0.0,0.0,7881.4835,588,31037.8851,0
670,-1,1.0,0,0.0,0.0,7880.2779,587,30075.6052,0
671,-1,1.0,0,0.0,0.0,7450.3917,587,30314.5161,0
672,-1,1.0,0,0.0,0.0,7399.738,596,30775.229,0
673,-1,1.0,0,0.0,0.0,9033.2421,599,31795.7279,0
674,-1,1.0,0,0.0,0.0,7297.0174,605,31545.9741,0
675,-1,1.0,0,0.0,0.0,7657.2026,597,31402.2046,1
676,-1,1.0,0,0.0,0.0,7368.7901,586,30464.2889,1
677,-1,1.0,0,0.0,0.0,8334.3142,596,31488.9453,1
678,-1,1.0,0,0.0,0.0,6925.6317,592,30632.8329,1
679,-1,1.0,0,0.0,0.0,7776.643,597,30955.7494,0
680,-1,1.0,0,0.0,0.0,8344.3548,616,32204.6171,0
681,-1,1.0,0,0.0,0.0,7629.5263,609,32062.8355,0
682,-1,1.0,0,0.0,0.0,7432.5401,610,31966.2332,0
683,-1,1.0,0,0.0,0.0,8694.9157,629,33404.2936,0
684,-1,1.0,0,0.0,0.0,7932.8815,622,32323.1228,0
685,-1,1.0,0,0.0,4.5839,7394.9934,610,32032.8068,0
686,-1,1.0,0,0.0,0.0,7253.4736,591,31239.0324,0
687,-1,1.0,0,0.0,14.218,7114.7622,583,29761.6794,0
688,-1,1.0,0,0.0,0.0,8631.3218,593,30708.4182,0
689,-1,1.0,0,0.0,0.0,7786.028,602,31312.6534,0
690,-1,1.0,0,0.0,0.0,8298.2029,608,32159.4046,0
691,-1,1.0,0,0.0,0.0,7393.993,601,31755.2762,0
692,-1,1.0,0,0.0,0.0,7044.8971,582,30249.6203,0
693,-1,1.0,0,0.0,0.0,8354.4162,610,31746.3206,0
694,-1,1.0,0,0.0,0.0,7544.7813,582,30624.7135,0
695,-1,1.0,0,0.0,0.0,7971.9774,592,30677.0218,0
696,-1,1.0,0,0.0,0.0,7182.231,585,30505.9685,0
697,-1,1.0,0,0.0,0.0,7724.0189,596,30806.9786,0
698,-1,1.0,0,0.0,0.0,8545.6366,614,32258.2875,0
699,-1,1.0,0,0.0,0.0,7910.672,611,31885.6349,0
700,-1,1.0,0,0.0,0.0,7024.4383,587,30699.0562,0
701,-1,1.0,0,0.0,0.0,7912.0747,595,30910.3676,1
702,-1,1.0,0,0.0,0.0,7514.6477,590,30317.3499,1
703,-1,1.0,0,0.0,0.0,7832.8926,608,31200.1827,1
704,-1,1.0,0,0.0,0.0,8531.8419,610,32142.3078,1
705,-1,1.0,0,0.0,0.0,7986.9145,618,32343.4068,1
706,-1,1.0,0,0.0,0.0,6750.4616,601,31137.3791,0
707,-1,1.0,0,0.0,0.0,7088.9969,596,30546.2531,0
708,-1,1.0,0,0.0,0.0,7699.6588,593,29946.1092,0
709,-1,1.0,0,0.0,0.0,7941.9714,604,31133.788,0
710,-1,1.0,0,0.0,0.0,8524.3912,621,32510.3885,0
711,-1,1.0,0,0.0,0.0,7555.6382,613,32036.9071,0
712,-1,1.0,0,0.0,0.0,7339.1721,595,31292.9764,0
713,-1,1.0,0,0.0,0.0,9016.5129,621,32699.4406,0
714,-1,1.0,0,0.0,0.0,7037.8318,607,31733.965,0
715,-1,1.0,0,0.0,0.0,7793.0621,599,31082.3009,0
716,-1,1.0,0,0.0,0.0,7160.9885,592,30081.5407,0
717,-1,1.0,0,0.0,0.0,7730.8644,592,30314.0154,0
718,-1,1.0,0,0.0,0.0,7983.2293,590,30796.0834,0
719,-1,1.0,0,0.0,0.0,7656.702,592,30995.7043,0
720,-1,1.0,0,0.0,0.0,8155.8111,603,31811.1383,0
721,-1,1.0,0,0.0,2.0584,7579.5243,608,31829.3824,0
722,-1,1.0,0,0.0,0.0,7663.7717,596,30964.1149,0
723,-1,1.0,0,0.0,0.0,7390.8611,591,30198.5284,0
724,-1,1.0,0,0.0,0.0,7108.0708,585,29616.7632,0
725,-1,1.0,0,0.0,0.0,8251.173,586,30388.9198,0
726,-1,1.0,0,0.0,0.0,8769.8631,611,31993.6672,0
727,-1,1.0,0,0.0,0.0,7116.5211,598,31521.4303,0
728,-1,1.0,0,0.0,0.0,7357.4122,592,31020.911,0
729,-1,1.0,0,0.0,0.0,7856.8758,599,31690.5954,0
